# t  Nu
0.000000e+00 9.798714553825338403e-01
1.000000e-06 9.932078656422254070e-01
2.000000e-06 1.003591027436556704e+00
3.000000e-06 1.009111777454118508e+00
4.000000e-06 9.995313784531308920e-01
6.000000e-06 1.009611498225335025e+00
1.000000e-05 1.011723834750169582e+00
1.800000e-05 1.004201747859523763e+00
3.400000e-05 1.012723566368023187e+00
6.600000e-05 1.000486669442947951e+00
1.300000e-04 1.006085899614495904e+00
2.580000e-04 1.010484074871833560e+00
5.140000e-04 1.016837055953348390e+00
2.050000e-03 1.010810937890467942e+00
4.098000e-03 9.971811479208879669e-01
8.194000e-03 1.002698840912682909e+00
3.277000e-02 9.914722716513263423e-01
6.553800e-02 1.010279759563227131e+00
1.310740e-01 1.002752466446656499e+00
2.131470e-01 1.001867246763124442e+00
2.851630e-01 9.976231594145296144e-01
3.574240e-01 9.930634519948390304e-01
4.253000e-01 1.003767656136129727e+00
5.008520e-01 1.005588318303422435e+00
5.859110e-01 1.030741455779684346e+00
6.790270e-01 9.938104801670060162e-01
7.794880e-01 9.997574850526744772e-01
8.863300e-01 1.005894497030874524e+00
9.987100e-01 9.888186241512818553e-01
1.116040e+00 9.953720162755782530e-01
1.237784e+00 9.864491354763947895e-01
1.363352e+00 9.898860269398577216e-01
1.491991e+00 1.002139159830992776e+00
1.622503e+00 9.929632566965321816e-01
1.752556e+00 1.006552181182961636e+00
1.857447e+00 9.681316819551892827e-01
1.964918e+00 9.979506288576427409e-01
2.066962e+00 9.847140379159454726e-01
2.190123e+00 9.961734031387335930e-01
2.329795e+00 9.892119040387501450e-01
2.476145e+00 9.757133649150235843e-01
2.625116e+00 9.931852915306682572e-01
2.773670e+00 9.983531199052652072e-01
2.919328e+00 9.854193053468562891e-01
3.059670e+00 9.854768212659540394e-01
3.177922e+00 9.951347495291584799e-01
3.279210e+00 9.846569937136092632e-01
3.382164e+00 9.874057511941778387e-01
3.479874e+00 9.700668103294589617e-01
3.598153e+00 1.006740819853522595e+00
3.736947e+00 9.817050995057524654e-01
3.892962e+00 9.873019285867888906e-01
4.062280e+00 9.856328659186887053e-01
4.216197e+00 9.967188190489773003e-01
4.333681e+00 9.923058896299542520e-01
4.460370e+00 1.002932059533633513e+00
4.590766e+00 9.955654593145967235e-01
4.752509e+00 9.649892784169777915e-01
4.939840e+00 9.736263261875068853e-01
5.145030e+00 9.736035934598966657e-01
5.364038e+00 9.770523677370378524e-01
5.591067e+00 9.856519794585124616e-01
5.822188e+00 9.759613079354525489e-01
6.054442e+00 9.764294884564393984e-01
6.284285e+00 9.863873387740240695e-01
6.506910e+00 9.781334107513369736e-01
6.689813e+00 9.938380906151820238e-01
6.989970e+00 9.594517774364147433e-01
7.135030e+00 9.817245707071666772e-01
7.458470e+00 9.742592236239805414e-01
7.661867e+00 9.760530383844564506e-01
7.903963e+00 9.722696298505412171e-01
8.163285e+00 9.841384675508690894e-01
8.988690e+00 9.670613298790921020e-01
9.212147e+00 1.001638596347831367e+00
9.387786e+00 9.803596914903198734e-01
9.574035e+00 9.755231206055261506e-01
9.744442e+00 9.833804701627766320e-01
9.963864e+00 9.765520749908834786e-01
1.022632e+01 9.648781935659194176e-01
1.051378e+01 9.859132333574310847e-01
1.077932e+01 9.775550280045991469e-01
1.134603e+01 9.791444761180058132e-01
1.164769e+01 9.724000026814788589e-01
1.188197e+01 9.660503708949693680e-01
1.204592e+01 9.674368332234752899e-01
1.223562e+01 9.795771493084478587e-01
1.244849e+01 9.582410609556379910e-01
1.271634e+01 9.733301586921236925e-01
1.296608e+01 9.616860203317195710e-01
1.322820e+01 9.539592778732240985e-01
1.352146e+01 9.755612424274779926e-01
1.384135e+01 9.517590713951683545e-01
1.413723e+01 9.625760066521896752e-01
1.443889e+01 9.815256335716026070e-01
1.463405e+01 9.632099474503429404e-01
1.485050e+01 9.615036383365990202e-01
1.506701e+01 9.831871398943671236e-01
1.531733e+01 9.678445899374574779e-01
1.558338e+01 9.667115095060446750e-01
1.586948e+01 9.670205016564865641e-01
1.618259e+01 9.456772470772379924e-01
1.650570e+01 9.633801929530421138e-01
1.682568e+01 9.644025051831517370e-01
1.710026e+01 9.574582113968427288e-01
1.730518e+01 9.636157119370348800e-01
1.752732e+01 9.691731818354781813e-01
1.776567e+01 9.754903776633173651e-01
1.804284e+01 9.764081093253249577e-01
1.829155e+01 9.714334082404533222e-01
1.853970e+01 9.687684622556155256e-01
1.875529e+01 9.493806582609642941e-01
1.897144e+01 9.654617084603827060e-01
1.918921e+01 9.563824496724812052e-01
1.943419e+01 9.588253674896879408e-01
1.993031e+01 9.789897507866865967e-01
2.017640e+01 9.516754256578171534e-01
2.046840e+01 9.591585855268868199e-01
2.080271e+01 9.603999098385586075e-01
2.116091e+01 9.438254948826290125e-01
2.146341e+01 9.602483190287880443e-01
2.177791e+01 9.517151749590769816e-01
2.211905e+01 9.771147908734444387e-01
2.242167e+01 9.566604628592459969e-01
2.273193e+01 9.572889903982646498e-01
2.322446e+01 9.519831358768708895e-01
2.348867e+01 9.713192249907124376e-01
2.379170e+01 9.684408454092233720e-01
2.414616e+01 9.575449584760868937e-01
2.452174e+01 9.766774290523766444e-01
2.488746e+01 9.734710325093582917e-01
2.514545e+01 9.553803139332166516e-01
2.543940e+01 9.635484075695393003e-01
2.577817e+01 9.502512012530553998e-01
2.608579e+01 9.569660265219767092e-01
2.635018e+01 9.773673671514251371e-01
2.659062e+01 9.585929824186506520e-01
2.690780e+01 9.482762815407673740e-01
2.725317e+01 9.588497723908002701e-01
2.762077e+01 9.565286857107637708e-01
2.798545e+01 9.513929962142642083e-01
2.832403e+01 9.569690488468743927e-01
2.865057e+01 9.523710387695355495e-01
2.898625e+01 9.692758223636810389e-01
2.931274e+01 9.624275206403934968e-01
2.958659e+01 9.620843093690555348e-01
2.988010e+01 9.572637617750984207e-01
3.016282e+01 9.520900858544267820e-01
3.073514e+01 9.422260625793398292e-01
3.105391e+01 9.526462894548127780e-01
3.127245e+01 9.582311303212668330e-01
3.145566e+01 9.604378589836175539e-01
3.164136e+01 9.542883668836875666e-01
3.186452e+01 9.457349072120118105e-01
3.213853e+01 9.580503714787533820e-01
3.245085e+01 9.509755340038393845e-01
3.299301e+01 9.475478006255487751e-01
3.331256e+01 9.628758097247890335e-01
3.364894e+01 9.606423844604523588e-01
3.431582e+01 9.491537338254498746e-01
3.460891e+01 9.529600684689372159e-01
3.504493e+01 9.686047842187858192e-01
3.526386e+01 9.601235841043962438e-01
3.553585e+01 9.515517083650106844e-01
3.578959e+01 9.654325180575997756e-01
3.598746e+01 9.544035263246648526e-01
3.619700e+01 9.823816600760686413e-01
3.641691e+01 9.520807764164008757e-01
3.668630e+01 9.707629175317497028e-01
3.699845e+01 9.590893092626074923e-01
3.733152e+01 9.654778170619698896e-01
3.756862e+01 9.609483506136835551e-01
3.810116e+01 9.689635870153751052e-01
3.836843e+01 9.577014257618952087e-01
3.876069e+01 9.629290667816412519e-01
3.899719e+01 9.556533185429391120e-01
3.961901e+01 9.491309502083489225e-01
3.999521e+01 9.786865269743555418e-01
4.022414e+01 9.379360175406693534e-01
4.047521e+01 9.615873860950798768e-01
4.073283e+01 9.560656244812104632e-01
4.104353e+01 9.625314887979246059e-01
4.134257e+01 9.669477377626155556e-01
4.165597e+01 9.574731541452776717e-01
4.187051e+01 9.729548825250518007e-01
4.208005e+01 9.661344726395750815e-01
4.236551e+01 9.752591339790952496e-01
4.269733e+01 9.684688565871019117e-01
4.304313e+01 9.726050709729141541e-01
4.314654e+01 9.670488969274630975e-01
4.335338e+01 9.707436477657497287e-01
4.360849e+01 9.645640514374731467e-01
4.391882e+01 9.669785657433929149e-01
4.421447e+01 9.486055522553054065e-01
4.447919e+01 9.472727363616575413e-01
4.472726e+01 9.678275944452757740e-01
4.500366e+01 9.573821667328414886e-01
4.519357e+01 9.702940302811189355e-01
4.540425e+01 9.592545852656308991e-01
4.557753e+01 9.613497346180240877e-01
4.576459e+01 9.703439872453079040e-01
4.595670e+01 9.595613153050931432e-01
4.615157e+01 9.561479731738983245e-01
4.632940e+01 9.500004997781963390e-01
4.652537e+01 9.490309968705155086e-01
4.675914e+01 9.568486459497016483e-01
4.702117e+01 9.712220413755645598e-01
4.730405e+01 9.629004322151116790e-01
4.755140e+01 9.635251700124076724e-01
4.778086e+01 9.366682849000244060e-01
4.802314e+01 9.748663467770563029e-01
4.830741e+01 9.536663503543498788e-01
4.857184e+01 9.661761223966721657e-01
4.884891e+01 9.572379169340899940e-01
4.903258e+01 9.754730378351933462e-01
4.921880e+01 9.647112129939982017e-01
4.942753e+01 9.744349067141901966e-01
4.969099e+01 9.729200072419176282e-01
4.992126e+01 9.779009841591460583e-01
5.013812e+01 9.593817936138446800e-01
5.031741e+01 9.542922140434115796e-01
5.048126e+01 9.621284801209067927e-01
5.069651e+01 9.726003896416439698e-01
5.094781e+01 9.561233668994408852e-01
5.118442e+01 9.554728024605508852e-01
5.143279e+01 9.580941644265899004e-01
5.163556e+01 9.584194215714405551e-01
5.187812e+01 9.414237853595349703e-01
5.197127e+01 9.608918009183755604e-01
5.215756e+01 9.632721405633944967e-01
5.223527e+01 9.570833146924976331e-01
5.239069e+01 9.714329605893448072e-01
5.258902e+01 9.737099555533635931e-01
5.284327e+01 9.666778726759784890e-01
5.311732e+01 9.667827732043748901e-01
5.367507e+01 9.541821675824867510e-01
5.392833e+01 9.663618995492376795e-01
5.400868e+01 9.619597925545287920e-01
5.416938e+01 9.577859152444923030e-01
5.434882e+01 9.612691710926614119e-01
5.460086e+01 9.706161082942693641e-01
5.486354e+01 9.596502106308498758e-01
5.511388e+01 9.702014012132482712e-01
5.533196e+01 9.597596430329294881e-01
5.549985e+01 9.507576167286593272e-01
5.566017e+01 9.764276794672676063e-01
5.586553e+01 9.616853031687909725e-01
5.595568e+01 9.631448673196244536e-01
5.613598e+01 9.663482454558490753e-01
5.631885e+01 9.803166634325261031e-01
5.651130e+01 9.605566511207985769e-01
5.673133e+01 9.656990794099346020e-01
5.693637e+01 9.626591854812204252e-01
5.714674e+01 9.703758600918096500e-01
5.753053e+01 9.578073914824638546e-01
5.770054e+01 9.693622443924935217e-01
5.785749e+01 9.658073018366922780e-01
5.801110e+01 9.550519863104507401e-01
5.817769e+01 9.567313881298042944e-01
5.835165e+01 9.673505398525243937e-01
5.852113e+01 9.625705792968162200e-01
5.868138e+01 9.675168250675336701e-01
5.883831e+01 9.654341418068933534e-01
5.899518e+01 9.550424998083538730e-01
5.915728e+01 9.584289630360602885e-01
5.933438e+01 9.765884829511305432e-01
5.952851e+01 9.666227075507183297e-01
5.972891e+01 9.557651168593916946e-01
5.995138e+01 9.426529796218224844e-01
6.018579e+01 9.717261921754893894e-01
6.039760e+01 9.744412702124403136e-01
6.061766e+01 9.633508724389006073e-01
6.084109e+01 9.852124993160840116e-01
6.105471e+01 9.687170677598516688e-01
6.128053e+01 9.617903697006271457e-01
6.150011e+01 9.678252900095235534e-01
6.172033e+01 9.699303707956062892e-01
6.194885e+01 9.758059564762036064e-01
6.213479e+01 9.624469809808577914e-01
6.228802e+01 9.743530322129136945e-01
6.243139e+01 9.659127731490478874e-01
6.258074e+01 9.771732885126218626e-01
6.277798e+01 9.706406612495581676e-01
6.296588e+01 9.622539686413766891e-01
6.320246e+01 9.734891415584028262e-01
6.345415e+01 9.685052997036448508e-01
6.373273e+01 9.859085212158279488e-01
6.400621e+01 9.727274984522997769e-01
6.417391e+01 9.872984892849085981e-01
6.437919e+01 9.726420394810515457e-01
6.478488e+01 9.676071733980083911e-01
6.523938e+01 9.607739995417631240e-01
6.545871e+01 9.627552724781932580e-01
6.568678e+01 9.821850001862252322e-01
6.586454e+01 9.671492368050531585e-01
6.603376e+01 9.632703944092517734e-01
6.621262e+01 9.816734889780465156e-01
6.642048e+01 9.666889353652018402e-01
6.662869e+01 9.477700414473055890e-01
6.684207e+01 9.537117290865614327e-01
6.707209e+01 9.570427268310846003e-01
6.729348e+01 9.606520684820176736e-01
6.752061e+01 9.693346883384599266e-01
6.769599e+01 9.787598343304569903e-01
6.790560e+01 9.615456827628401371e-01
6.812162e+01 9.629983130811370362e-01
6.864961e+01 9.529127447391479988e-01
6.892326e+01 9.689306555050901659e-01
6.921424e+01 9.775913090849931431e-01
6.937513e+01 9.749658693689131628e-01
6.957286e+01 9.698077098693750342e-01
6.978373e+01 9.478744112209602779e-01
7.000180e+01 9.875807660627662354e-01
7.026588e+01 9.711169512363088119e-01
7.054013e+01 9.613018074124181078e-01
7.071516e+01 9.610391134285585224e-01
7.092453e+01 9.831719988645830632e-01
7.108987e+01 9.611378001102522939e-01
7.124826e+01 9.725003370373640488e-01
7.144258e+01 9.706631748608279819e-01
7.164038e+01 9.521665083254371442e-01
7.182402e+01 9.795428967896860906e-01
7.201189e+01 9.576821104645387717e-01
7.218503e+01 9.761754256489514336e-01
7.234712e+01 9.662507400286091119e-01
7.250153e+01 9.564286506000052590e-01
7.267636e+01 9.681860824716681524e-01
7.286686e+01 9.574618645667589689e-01
7.310370e+01 9.684819977685565906e-01
7.337480e+01 9.604931710512111254e-01
7.356655e+01 9.791390943439498562e-01
7.381587e+01 9.718740018020953775e-01
7.398943e+01 9.638747717395320658e-01
7.419742e+01 9.614315844059061478e-01
7.441719e+01 9.831326603704667599e-01
7.468149e+01 9.805206800031661674e-01
7.497173e+01 9.704198661456266972e-01
7.523760e+01 9.811142184339325389e-01
7.541297e+01 9.580828932966332090e-01
7.562482e+01 9.651298793306587465e-01
7.584743e+01 9.876749858280819971e-01
7.606035e+01 9.567227521051833161e-01
7.630395e+01 9.696493602007224544e-01
7.659593e+01 9.764228079558062712e-01
7.697888e+01 9.812965544264796725e-01
7.720351e+01 9.740298629818598952e-01
7.746634e+01 9.824587218301354952e-01
7.775513e+01 9.641097384183399122e-01
7.799320e+01 9.750101806295122797e-01
7.821188e+01 9.739814388856983252e-01
7.841533e+01 9.569253580213792354e-01
7.866493e+01 9.722801040709452280e-01
7.890423e+01 9.677800730398057327e-01
7.914878e+01 9.676272204668806554e-01
7.950064e+01 9.806749064886826073e-01
7.970130e+01 9.831358568105538209e-01
8.009182e+01 9.750769612617122828e-01
8.027184e+01 9.926361546776334421e-01
8.043650e+01 9.723031979246412604e-01
8.062331e+01 9.756668009180118339e-01
8.080000e+01 9.593817319313573400e-01
8.097186e+01 9.722627782923446427e-01
8.110937e+01 9.664959675758630908e-01
8.127682e+01 9.608307055172550237e-01
8.143717e+01 9.750491627061748101e-01
8.160943e+01 9.763834656516027222e-01
8.178477e+01 9.721920888182068454e-01
8.196414e+01 9.814567636704568665e-01
8.214572e+01 9.800145930792885096e-01
8.232885e+01 9.870720977132723117e-01
8.249413e+01 9.850849939423724777e-01
8.263819e+01 9.650007742416460976e-01
8.280343e+01 9.687804062834642904e-01
8.298070e+01 9.732303103853591209e-01
8.311933e+01 9.586731013313124494e-01
8.346732e+01 9.734475735220311510e-01
8.362645e+01 9.518521464875441263e-01
8.379979e+01 9.799763718228028386e-01
8.397359e+01 9.797775381030195962e-01
8.417931e+01 9.716638495058363967e-01
8.450685e+01 9.593041087620690632e-01
8.470904e+01 9.611554965336243095e-01
8.485897e+01 9.613571389630102271e-01
8.502399e+01 9.627587922250019359e-01
8.520052e+01 9.793297308622601616e-01
8.541191e+01 9.765782671774161372e-01
8.555824e+01 9.829918393089226436e-01
8.572737e+01 9.675735185529639182e-01
8.610024e+01 9.700750641992621492e-01
8.628637e+01 9.824697230271083326e-01
8.635238e+01 9.786243241409673388e-01
8.648439e+01 9.767963462055052615e-01
8.664306e+01 9.626675645226409062e-01
8.707250e+01 9.681670932354102810e-01
8.722512e+01 9.631046758918349049e-01
8.739640e+01 9.782439274515692951e-01
8.756652e+01 9.702460736595078794e-01
8.777265e+01 9.849976364668880935e-01
8.798596e+01 9.660895682213928026e-01
8.816127e+01 9.776082209978830262e-01
8.822983e+01 9.900117385136739667e-01
8.836697e+01 9.771712894041307829e-01
8.853075e+01 9.865082773649026526e-01
8.872711e+01 9.774184671183194784e-01
8.895889e+01 9.701238548008215279e-01
8.917685e+01 9.733824101909299698e-01
8.931709e+01 9.632442401179417413e-01
8.947441e+01 9.674069144897798900e-01
8.964090e+01 9.772352182304886448e-01
8.984343e+01 9.796732148384962313e-01
9.006278e+01 9.777723954485360025e-01
9.026515e+01 9.737492592796529456e-01
9.045410e+01 9.789181349571606239e-01
9.064489e+01 9.795579442049251462e-01
9.079699e+01 9.784381180143569834e-01
9.098103e+01 9.659821106492225695e-01
9.120892e+01 1.003577028411249294e+00
9.142956e+01 9.758617529493174292e-01
9.179927e+01 9.539094893770500017e-01
9.194855e+01 9.898217203658913332e-01
9.208714e+01 9.609875898956590223e-01
9.226935e+01 9.808557864840292684e-01
9.243314e+01 9.785868555972178084e-01
9.285577e+01 9.826561918781335780e-01
9.304295e+01 9.826279319393331768e-01
9.322202e+01 9.976464184192368467e-01
9.328620e+01 9.813749365500987754e-01
9.341456e+01 9.777512038819344831e-01
9.356617e+01 9.575928607085227862e-01
9.376063e+01 9.649293528146916099e-01
9.396606e+01 9.694991461954319822e-01
9.418908e+01 9.744646295366407029e-01
9.443238e+01 9.723013194032769091e-01
9.462238e+01 9.790202865030491752e-01
9.479946e+01 9.823720065892720399e-01
9.495225e+01 9.655604074110096802e-01
9.509027e+01 9.846089382750132790e-01
9.527413e+01 9.889383058912629698e-01
9.567751e+01 9.783316432954540787e-01
9.592054e+01 9.766268494821606083e-01
9.609589e+01 9.753058516554382607e-01
9.629509e+01 9.894665968154511271e-01
9.646936e+01 9.901107988107575864e-01
9.662362e+01 9.748156610695544178e-01
9.676438e+01 9.999348057730068629e-01
9.695127e+01 9.858730139290845518e-01
9.715985e+01 9.930707231049286099e-01
9.735920e+01 9.758916951991866151e-01
9.757321e+01 9.602807920617524307e-01
9.781861e+01 9.834268136500413648e-01
9.798827e+01 9.966956922101548599e-01
9.829847e+01 9.729244480829686292e-01
9.862911e+01 9.647658674773711418e-01
9.883858e+01 9.889542895624449104e-01
9.892512e+01 9.769183391200082500e-01
9.909821e+01 9.757425476141444731e-01
9.931252e+01 9.607940711546530954e-01
9.954549e+01 9.680666063795337895e-01
9.976130e+01 9.831086850831611823e-01
9.994379e+01 9.801985598287964452e-01
1.001341e+02 9.654031113375702855e-01
1.002845e+02 9.754959887060581369e-01
1.004210e+02 9.686617193284602356e-01
1.006081e+02 9.806503294226677214e-01
1.008353e+02 9.977531914914535838e-01
1.010314e+02 9.862691858256834587e-01
1.012390e+02 9.853808156372240168e-01
1.014478e+02 9.671754704731534424e-01
1.016738e+02 9.858622845835622872e-01
1.019116e+02 9.762375053813143744e-01
1.020908e+02 9.755992697099846733e-01
1.022257e+02 9.695583535755185611e-01
1.023659e+02 9.919914732910201094e-01
1.025297e+02 9.723725934006068883e-01
1.027407e+02 9.792934646126905118e-01
1.029863e+02 9.776980250797285832e-01
1.032411e+02 9.716495909171672940e-01
1.034204e+02 9.877564137137888611e-01
1.036202e+02 9.767960013635442751e-01
1.038201e+02 9.616027888034262006e-01
1.040338e+02 9.758276783044341762e-01
1.042358e+02 9.659760560950595432e-01
1.043983e+02 9.768939368466152962e-01
1.045478e+02 9.817508203598558358e-01
1.047372e+02 9.719157879050964732e-01
1.049266e+02 9.594156560515361143e-01
1.051186e+02 9.857181958642367015e-01
1.052740e+02 9.950591320412232044e-01
1.054210e+02 9.875660312174708855e-01
1.056002e+02 9.816500218877050044e-01
1.057996e+02 9.904284876140240224e-01
1.060237e+02 9.685365013330707873e-01
1.062164e+02 9.775225493729089443e-01
1.063978e+02 9.630074905565398913e-01
1.066924e+02 9.738357190458672985e-01
1.068713e+02 9.958952363149236042e-01
1.070957e+02 1.003028104705095513e+00
1.073386e+02 9.903806009205065042e-01
1.075149e+02 9.787523121254010361e-01
1.077161e+02 9.689122621577092032e-01
1.079321e+02 9.869921252266306011e-01
1.084227e+02 9.878445085547871152e-01
1.086382e+02 9.784048942457224118e-01
1.088058e+02 9.907356429128985065e-01
1.089844e+02 9.969323503503371153e-01
1.091452e+02 9.881967517808342150e-01
1.093193e+02 9.914369785297230120e-01
1.095293e+02 9.859398521402445992e-01
1.096948e+02 9.873312274849330716e-01
1.098667e+02 9.633191154069382645e-01
1.100340e+02 9.771279433333007747e-01
1.102333e+02 9.941605592941806790e-01
1.106114e+02 9.795339838482467476e-01
1.108138e+02 9.892185147846498383e-01
1.110415e+02 9.662229208965146254e-01
1.112422e+02 9.902997926658934080e-01
1.114219e+02 9.711653039897732986e-01
1.115861e+02 9.608499931167079344e-01
1.118052e+02 9.776049473284843527e-01
1.120420e+02 9.880356405835163391e-01
1.122484e+02 9.725017612575188597e-01
1.124477e+02 9.942461926785717274e-01
1.126696e+02 9.899256367563723513e-01
1.129334e+02 9.816910285198918729e-01
1.131539e+02 9.693346310571648861e-01
1.133616e+02 9.690554914803972686e-01
1.135692e+02 9.701091626015057034e-01
1.137752e+02 9.680199914748748302e-01
1.139204e+02 9.783005871986015789e-01
1.140572e+02 9.802304521604946475e-01
1.142169e+02 9.888954225682815569e-01
1.144100e+02 9.804006410446077791e-01
1.149105e+02 9.815499043566007220e-01
1.151890e+02 9.818797220198220987e-01
1.154535e+02 9.818878254962185581e-01
1.156962e+02 9.762862805694765278e-01
1.158826e+02 9.760205112587929666e-01
1.160968e+02 9.795798390353205320e-01
1.163190e+02 9.858061906309402156e-01
1.165258e+02 9.745228093273808900e-01
1.166872e+02 9.944207102538126231e-01
1.168688e+02 9.936860707708526919e-01
1.170394e+02 9.880009344758442502e-01
1.172120e+02 9.863944266597426402e-01
1.175791e+02 9.884317995712799121e-01
1.177835e+02 9.839572608050720648e-01
1.179581e+02 9.844039423348784901e-01
1.181319e+02 9.829841764266390447e-01
1.183160e+02 9.722471990380214812e-01
1.185395e+02 9.841328511226029585e-01
1.187939e+02 9.824612042690537006e-01
1.190608e+02 9.892035805626419043e-01
1.192813e+02 9.893045528769204289e-01
1.194921e+02 9.756348828549605834e-01
1.196759e+02 9.715806453593500702e-01
1.198428e+02 9.779338305600944192e-01
1.200634e+02 9.911759575258948241e-01
1.202862e+02 9.919399235112775770e-01
1.205280e+02 9.663716991979456328e-01
1.207749e+02 9.726665453072427248e-01
1.210671e+02 9.736627668578123895e-01
1.216467e+02 9.715272352295145630e-01
1.218959e+02 9.930258726177809692e-01
1.220968e+02 9.732280791548529875e-01
1.222687e+02 9.742505042539069127e-01
1.224446e+02 9.820377296938582745e-01
1.226224e+02 9.836259672052071190e-01
1.228080e+02 9.457727041786843092e-01
1.229862e+02 9.881809969671523364e-01
1.232079e+02 9.568367209958132946e-01
1.234086e+02 9.782241605672974405e-01
1.236399e+02 9.849643622085987316e-01
1.238482e+02 9.928873913890308156e-01
1.240387e+02 9.882891289356576792e-01
1.242703e+02 9.731315323966684971e-01
1.244894e+02 9.870114428707801313e-01
1.247262e+02 9.826637197163640147e-01
1.249779e+02 9.966126090384160863e-01
1.252367e+02 9.836418009301589604e-01
1.254818e+02 9.999511354409161834e-01
1.257617e+02 9.838865210267910832e-01
1.260032e+02 9.615030385792300294e-01
1.262235e+02 9.896613692429664377e-01
1.264275e+02 1.001238146987326605e+00
1.267507e+02 9.673366287440204880e-01
1.269144e+02 9.881111164935348912e-01
1.271173e+02 9.770571381743926587e-01
1.273439e+02 9.784416940747280300e-01
1.276227e+02 9.745502107439043549e-01
1.279095e+02 9.839652883095889591e-01
1.281329e+02 9.825297893180223729e-01
1.283749e+02 9.776792284181909931e-01
1.285586e+02 9.974309706896340444e-01
1.287493e+02 9.927057139709660749e-01
1.289470e+02 9.839488353750545091e-01
1.291723e+02 9.751264709661918717e-01
1.294131e+02 9.954908495190190054e-01
1.296378e+02 9.876669454471413978e-01
1.298332e+02 9.781683200585299387e-01
1.300223e+02 9.671697243158311474e-01
1.302112e+02 9.848860982798339769e-01
1.304205e+02 9.929118678214641225e-01
1.306754e+02 9.802966277376201631e-01
1.309446e+02 9.827287042724672794e-01
1.312371e+02 9.882730531443281174e-01
1.315100e+02 9.809775795457211789e-01
1.315994e+02 9.923623281973349419e-01
1.317783e+02 9.812231481582596171e-01
1.319895e+02 9.914943037319191577e-01
1.322364e+02 9.672439144826339152e-01
1.324947e+02 9.810667547513066689e-01
1.327493e+02 9.876610945414334708e-01
1.330165e+02 9.845850704629048877e-01
1.333382e+02 9.785514675575618382e-01
1.335805e+02 9.974143187278531331e-01
1.341360e+02 9.690226930658526472e-01
1.343744e+02 9.955718283315180273e-01
1.346410e+02 9.754702331624591771e-01
1.349265e+02 9.844250169065267286e-01
1.352554e+02 9.746800114068624454e-01
1.358825e+02 9.743571176623713193e-01
1.361515e+02 9.815118039137494810e-01
1.364156e+02 9.945130979587090136e-01
1.366298e+02 9.791024317026529866e-01
1.370239e+02 9.794810256278889682e-01
1.372033e+02 9.713133903257673563e-01
1.374080e+02 9.912625418451328496e-01
1.376320e+02 9.862036329650000210e-01
1.381018e+02 1.003308326974490239e+00
1.383651e+02 9.850220889594948348e-01
1.386155e+02 9.949535603918241433e-01
1.388903e+02 9.964020952121772634e-01
1.391608e+02 9.839077721069753313e-01
1.394397e+02 9.670142058844473087e-01
1.396348e+02 9.787243047208795677e-01
1.398471e+02 9.910548416776099323e-01
1.400590e+02 9.723621033309852724e-01
1.403139e+02 1.005279221490747998e+00
1.405498e+02 9.766861049602345579e-01
1.408470e+02 9.820557067386521677e-01
1.411832e+02 9.850175203359061715e-01
1.414587e+02 9.926646103711647129e-01
1.417425e+02 9.876435959330949199e-01
1.420817e+02 9.754173932275045367e-01
1.424279e+02 9.796282773333191418e-01
1.426537e+02 9.595784474199702263e-01
1.428826e+02 9.870933984914095349e-01
1.430986e+02 9.811968956653532858e-01
1.433345e+02 9.798282311375253739e-01
1.436062e+02 9.778524064167262164e-01
1.438544e+02 9.812126869994096667e-01
1.440548e+02 9.691256435273711833e-01
1.442457e+02 9.880276155327725185e-01
1.444809e+02 9.971720073265560869e-01
1.447599e+02 9.668449647030745719e-01
1.450761e+02 9.932919237582367167e-01
1.454010e+02 9.784124362155874888e-01
1.456250e+02 9.831532277003988129e-01
1.458585e+02 9.797503136462655249e-01
1.461048e+02 9.860745107021552380e-01
1.463917e+02 9.939884010719923779e-01
1.466274e+02 9.826669889210407627e-01
1.468821e+02 9.850608597707520842e-01
1.471678e+02 9.893298347453640673e-01
1.474914e+02 9.847314695200319878e-01
1.481637e+02 9.704713594525424813e-01
1.484810e+02 9.860413326251967758e-01
1.487584e+02 9.769966366322385687e-01
1.493567e+02 9.663316154726900864e-01
1.496645e+02 9.915547039608133550e-01
1.499907e+02 9.882842088369261369e-01
1.503044e+02 9.991394871734894378e-01
1.506337e+02 9.977116142724006265e-01
1.511913e+02 9.952404332766585648e-01
1.514490e+02 9.840008973889768917e-01
1.516840e+02 9.753702971237636632e-01
1.521623e+02 9.787262088272042915e-01
1.524110e+02 9.810095706645490798e-01
1.526969e+02 9.743907368353736942e-01
1.532909e+02 9.916791344996501723e-01
1.535704e+02 9.690939134169211933e-01
1.538356e+02 9.851904623071261469e-01
1.541112e+02 9.858377319482249934e-01
1.543613e+02 9.856581313147485535e-01
1.546977e+02 9.743050766477749924e-01
1.550724e+02 9.824770564867268963e-01
1.554651e+02 9.830084595040292639e-01
1.557959e+02 9.941826379765433819e-01
1.561154e+02 9.840129512186739369e-01
1.564203e+02 9.814114672900866587e-01
1.567820e+02 9.838297780235457646e-01
1.568977e+02 9.900933240078491071e-01
1.571290e+02 9.785386431354965442e-01
1.574141e+02 9.801262091831018930e-01
1.581339e+02 9.794865268539548753e-01
1.585278e+02 9.716829751341464760e-01
1.588063e+02 9.752837471662096913e-01
1.590773e+02 1.006423277377733960e+00
1.593685e+02 9.783315194706206919e-01
1.596738e+02 9.918999888354089745e-01
1.600389e+02 9.855412618994503493e-01
1.603763e+02 9.962251343121661940e-01
1.607711e+02 1.001226642196088035e+00
1.610993e+02 9.817006935833770820e-01
1.614026e+02 9.848516833512855895e-01
1.617121e+02 9.762503681335982231e-01
1.620385e+02 9.911483689525628638e-01
1.623856e+02 9.862207753524490084e-01
1.627339e+02 9.864380954557929737e-01
1.630202e+02 9.713920416698491600e-01
1.632761e+02 9.709383101746583700e-01
1.635248e+02 9.738783003104787284e-01
1.637826e+02 9.770964360233304058e-01
1.640669e+02 9.612262367274736485e-01
1.643525e+02 9.894593759013116108e-01
1.646230e+02 9.627957559652381425e-01
1.648839e+02 9.736172360056397634e-01
1.651758e+02 9.816943008311336261e-01
1.654861e+02 9.950727127680105699e-01
1.658054e+02 9.955346826660508297e-01
1.661253e+02 9.852895393490431752e-01
1.664441e+02 9.913354932420508359e-01
1.667726e+02 9.759117789475666438e-01
1.671017e+02 9.876348183823133731e-01
1.674284e+02 9.817307753940534010e-01
1.677514e+02 9.733994340367690956e-01
1.680653e+02 9.808271944871955750e-01
1.686581e+02 9.886790711043497160e-01
1.689675e+02 9.832159937159579144e-01
1.692904e+02 9.675751675264052665e-01
1.696135e+02 9.691341113070278679e-01
1.699665e+02 9.764683687231027198e-01
1.702854e+02 9.677065450682225123e-01
1.706134e+02 9.825128970313640187e-01
1.709722e+02 9.715214117301249619e-01
1.713853e+02 9.805820091923610482e-01
1.718345e+02 9.873456890789021889e-01
1.722927e+02 9.853194259170544589e-01
1.730888e+02 9.817212588321483357e-01
1.734898e+02 9.701252501182385801e-01
1.739405e+02 1.000235404617924928e+00
1.744054e+02 9.779265599039997925e-01
1.752681e+02 1.001823164410056366e+00
1.756560e+02 9.755593037282401792e-01
1.760162e+02 9.688966190148845525e-01
1.764785e+02 1.003806239174872328e+00
1.769689e+02 9.958761912169288300e-01
1.774597e+02 9.881095107061483862e-01
1.780062e+02 9.864992414722951741e-01
1.785603e+02 9.928082314097620431e-01
1.790932e+02 9.854159772848321008e-01
1.795024e+02 9.869158405722394667e-01
1.798455e+02 9.926119611207003812e-01
1.802134e+02 9.984297156484924773e-01
1.805841e+02 9.862323483364182630e-01
1.809742e+02 9.806015378161145879e-01
1.813682e+02 9.805134357617112384e-01
1.817272e+02 9.812718782693505837e-01
1.821511e+02 1.013311175854254120e+00
1.826449e+02 9.926708077394823526e-01
1.831858e+02 9.854502305175806276e-01
1.836061e+02 9.943855788698814369e-01
1.840505e+02 9.831853745729945970e-01
1.845620e+02 9.898661571457475494e-01
1.851460e+02 9.820390939219791893e-01
1.857382e+02 9.805449184273490326e-01
1.861290e+02 9.864709667281230665e-01
1.869657e+02 9.729632849239654435e-01
1.873906e+02 9.777163327047421193e-01
1.878017e+02 9.767190308808580967e-01
1.889315e+02 9.832317732455392312e-01
1.895699e+02 9.954469709906124120e-01
1.900916e+02 9.885434677250848345e-01
1.905648e+02 9.913289558273068458e-01
1.910172e+02 1.001284887639494636e+00
1.914691e+02 9.593714330588827277e-01
1.919233e+02 9.969223717675231855e-01
1.924901e+02 9.806879387864352315e-01
1.930235e+02 9.675984184206115613e-01
1.936517e+02 9.735995842788499610e-01
1.940607e+02 9.863730561222521231e-01
1.945359e+02 9.768759136398685872e-01
1.950072e+02 9.808515948960309094e-01
1.955589e+02 9.699547155995249526e-01
1.961391e+02 9.983022521981012032e-01
1.963608e+02 9.914558252825518281e-01
1.968040e+02 9.790495859864308814e-01
1.973493e+02 9.879750861257058370e-01
1.978259e+02 9.820734168050243573e-01
1.988781e+02 9.826657068392892214e-01
1.992877e+02 9.675754084793676268e-01
1.997352e+02 9.910214762248868992e-01
2.003134e+02 1.003260296753910374e+00
2.009887e+02 9.652876892184332203e-01
2.016371e+02 9.914950594728761946e-01
2.030240e+02 9.705148125826187355e-01
2.037047e+02 9.817250091791257516e-01
2.044418e+02 9.763979513754076356e-01
2.050565e+02 9.775694062094453241e-01
2.057161e+02 9.715481698766871288e-01
2.064511e+02 9.822600355872115330e-01
2.071417e+02 9.889004577146039976e-01
2.078448e+02 9.884886184182806179e-01
2.085163e+02 9.892291601494631603e-01
2.092259e+02 9.838940091672826460e-01
2.099340e+02 9.702023676952131748e-01
2.106235e+02 9.640792665762827340e-01
2.112941e+02 9.841126882781374707e-01
2.119410e+02 9.822765484272819592e-01
2.125592e+02 9.748152526156013131e-01
2.131416e+02 9.925839526884454589e-01
2.136753e+02 9.835727693157166884e-01
2.141809e+02 9.780845032367296854e-01
2.146833e+02 9.877066389155055859e-01
2.151776e+02 9.745764670653631612e-01
2.161883e+02 9.829361410711304758e-01
2.166876e+02 9.770146152510600368e-01
2.171909e+02 9.647175437371677820e-01
2.177023e+02 9.859535849754188508e-01
2.182112e+02 9.733410109848940062e-01
2.187093e+02 9.874082035121646284e-01
2.192187e+02 9.988165202348082694e-01
2.197334e+02 9.603060763369817288e-01
2.202369e+02 9.874016789986352904e-01
2.207500e+02 9.784946740012869792e-01
2.212753e+02 9.739438805961609935e-01
2.223007e+02 9.690762045272532932e-01
2.228124e+02 9.570120672032209619e-01
2.233320e+02 9.735671583294275289e-01
2.238595e+02 9.873882690245353588e-01
2.243952e+02 9.755809589635231482e-01
2.249248e+02 9.596951289483017788e-01
2.254500e+02 9.882148204824556803e-01
2.264906e+02 9.728646869251033058e-01
2.275516e+02 9.818100124534061557e-01
2.280928e+02 9.813682391285385442e-01
2.286440e+02 9.850203836052066064e-01
2.291920e+02 9.807533282770094507e-01
2.297348e+02 9.714060874978708293e-01
2.302756e+02 9.829830021539558427e-01
2.308084e+02 9.886522035703827482e-01
2.313413e+02 9.780328025487728949e-01
2.318826e+02 9.738510724798675744e-01
2.324379e+02 9.988986049680468327e-01
2.329990e+02 9.680497416571143265e-01
2.335568e+02 9.819174626212973100e-01
2.341209e+02 9.724608987570402263e-01
2.346910e+02 9.866255903491651935e-01
2.352499e+02 9.875875126199330500e-01
2.358091e+02 9.705894781377024660e-01
2.363713e+02 9.730378182853136604e-01
2.369212e+02 9.710665881993957305e-01
2.374772e+02 9.788409298251554702e-01
2.380492e+02 9.839144490945583854e-01
2.386247e+02 9.643335853152898984e-01
2.392074e+02 9.524191368681920178e-01
2.397885e+02 9.739870700420909522e-01
2.403727e+02 9.759582372236483838e-01
2.409605e+02 9.761638359403990162e-01
2.427088e+02 9.741006759369085222e-01
2.433062e+02 9.682496813246769252e-01
2.439025e+02 9.716812440130042638e-01
2.444902e+02 9.794210493875329382e-01
2.450768e+02 9.709038575412801686e-01
2.456660e+02 9.655440279631707368e-01
2.462614e+02 9.971063194398126495e-01
2.480894e+02 9.929062180595340514e-01
2.487100e+02 9.902707749946221272e-01
2.493327e+02 9.681930104167421058e-01
2.499572e+02 9.775203929035491957e-01
2.505791e+02 9.800080368703943945e-01
2.511999e+02 9.811527511492917908e-01
2.518209e+02 9.891913794045171793e-01
2.524407e+02 9.849698179605811399e-01
2.530593e+02 9.792800040448585985e-01
2.536789e+02 9.846313329792469871e-01
2.542980e+02 9.629770723595832971e-01
2.549270e+02 9.796909391426439351e-01
2.555625e+02 9.697240812908858310e-01
2.562054e+02 9.762917922489393607e-01
2.568487e+02 9.767594830131853811e-01
2.575042e+02 9.823398969844204798e-01
2.581661e+02 9.667803486631227905e-01
2.588234e+02 9.711194788503259012e-01
2.594769e+02 9.765051678700846782e-01
2.601361e+02 9.759039013764675419e-01
2.608010e+02 9.671808705963494956e-01
2.614676e+02 9.688537673143644557e-01
2.621394e+02 9.758040478609006918e-01
2.634978e+02 9.739496757736347821e-01
2.641764e+02 9.540001148361935135e-01
2.648493e+02 9.797309103950940790e-01
2.655235e+02 9.698265331856622540e-01
2.668544e+02 9.666297882791381468e-01
2.675200e+02 9.804228689513355688e-01
2.681947e+02 9.749795195208998955e-01
2.688734e+02 9.701856325612527865e-01
2.695578e+02 9.864810449316739893e-01
2.702581e+02 9.847358478281386107e-01
2.709682e+02 9.754167148413990240e-01
2.716789e+02 9.637694081539660562e-01
2.723907e+02 9.938525185432949272e-01
2.731085e+02 9.661160952717384731e-01
2.738325e+02 9.989844537935839153e-01
2.745641e+02 9.726729573700865217e-01
2.753049e+02 9.807399580031048725e-01
2.760497e+02 9.748984527458547378e-01
2.775496e+02 9.519693338331043364e-01
2.782982e+02 9.943437662478348260e-01
2.790481e+02 9.833550780496490562e-01
2.797979e+02 9.671299424029896619e-01
2.805475e+02 9.826440170659724860e-01
2.812910e+02 9.640151394140520358e-01
2.820286e+02 9.784617685808906229e-01
2.827689e+02 9.786289289551457493e-01
2.835205e+02 9.769983178456764783e-01
2.842838e+02 9.648229106943770894e-01
2.850589e+02 9.788183315844158905e-01
2.858366e+02 9.688230665719176349e-01
2.866181e+02 9.797878348931081671e-01
2.874074e+02 9.719380363047303018e-01
2.881959e+02 9.880948279578493088e-01
2.889826e+02 9.672208928698885488e-01
2.897726e+02 9.559812502025116787e-01
2.905700e+02 9.630452910717304249e-01
2.913739e+02 9.870691256488700605e-01
2.921819e+02 9.730260569959438000e-01
2.929939e+02 9.632133584276140192e-01
2.938044e+02 9.569674022278931158e-01
2.946133e+02 9.754035866526605814e-01
2.954264e+02 9.726148032734182047e-01
2.970849e+02 9.880891223258235767e-01
2.979276e+02 1.001644378849374961e+00
2.987734e+02 9.798302522041851814e-01
2.996195e+02 9.679817584289903687e-01
3.004663e+02 9.753151297201999581e-01
3.013101e+02 9.745287379088889423e-01
3.021549e+02 9.715439078307626097e-01
3.030006e+02 9.816731236328857246e-01
3.038460e+02 9.887851662173811063e-01
3.046886e+02 9.547621300805424482e-01
3.063871e+02 9.725273627568659096e-01
3.072441e+02 9.809417248178021742e-01
3.081084e+02 9.641186269524560926e-01
3.089843e+02 9.764473336075550902e-01
3.098672e+02 9.659486069231828509e-01
3.107519e+02 9.704739755420594971e-01
3.116430e+02 9.706683715128264778e-01
3.125421e+02 9.764924089920130612e-01
3.134480e+02 9.706044530193663755e-01
3.143585e+02 9.849563332223451040e-01
3.152741e+02 9.809897125371443982e-01
3.162030e+02 9.779762383024261929e-01
3.180958e+02 9.878706572482919279e-01
3.190504e+02 9.506487610540185207e-01
3.200087e+02 9.653949441494287242e-01
3.209722e+02 9.837911961335601418e-01
3.219389e+02 9.783654098307854596e-01
3.229084e+02 9.707240923163665824e-01
3.238801e+02 9.703525043093785829e-01
3.248576e+02 9.726557497747740921e-01
3.258448e+02 9.757088575388309648e-01
3.268458e+02 9.736057919586666998e-01
3.278595e+02 9.881840034498161618e-01
3.288830e+02 9.738953007099521164e-01
3.299136e+02 9.673096752352097205e-01
3.309480e+02 9.784902698394680742e-01
3.319832e+02 9.764038222378050857e-01
3.330228e+02 9.707804361795361325e-01
3.340645e+02 9.702795695328814141e-01
3.351093e+02 9.585067019828195090e-01
3.361583e+02 9.901289489322209203e-01
3.372070e+02 9.576617396054919462e-01
3.392933e+02 9.667768069951212517e-01
3.403408e+02 9.639304277449620706e-01
3.413974e+02 9.568166207812182078e-01
3.424639e+02 9.645443882868280916e-01
3.435410e+02 9.637089643678065087e-01
3.446287e+02 9.684586403804450461e-01
3.457239e+02 9.626252454194781372e-01
3.468237e+02 9.500896147735059527e-01
3.479336e+02 9.685635853295623265e-01
3.490527e+02 9.716136758983787702e-01
3.501822e+02 9.705872070665922946e-01
3.513193e+02 9.591269801991447741e-01
3.524681e+02 9.762212091796730329e-01
3.536304e+02 9.696622123466134280e-01
3.548061e+02 9.654745611198750632e-01
3.571890e+02 9.592601351411045307e-01
3.583962e+02 9.878168640596642902e-01
3.596123e+02 9.704270210157944776e-01
3.608380e+02 9.817513919645278753e-01
3.620718e+02 9.743674146839079730e-01
3.633096e+02 9.703981632794796974e-01
3.645572e+02 9.751407697881575576e-01
3.658205e+02 9.766369247863372349e-01
3.670969e+02 9.837736623031146932e-01
3.683856e+02 9.579562291813787933e-01
3.696836e+02 9.545089994004061218e-01
3.709872e+02 9.770293392563329515e-01
3.722984e+02 9.692184393245886209e-01
3.749587e+02 9.719333113614283537e-01
3.763061e+02 9.668454913564226150e-01
3.776628e+02 9.757315075378963920e-01
3.790267e+02 9.607788761069504524e-01
3.803961e+02 9.584686809515317041e-01
3.817763e+02 9.515988560903557714e-01
3.831650e+02 9.686459439469425892e-01
3.845594e+02 9.737775241273003424e-01
3.859599e+02 9.778408294588528671e-01
3.873667e+02 9.781768022506029947e-01
3.901981e+02 9.807631094363894464e-01
3.916259e+02 9.468429443259387401e-01
3.930603e+02 9.752948569849746452e-01
3.944968e+02 9.754606148542438460e-01
3.959376e+02 9.584846394307645623e-01
3.973839e+02 9.693546552961432861e-01
3.988435e+02 9.767974167377385664e-01
4.003157e+02 9.499822968555803326e-01
4.018000e+02 9.543112695866707851e-01
4.033021e+02 9.573143832122769092e-01
4.063611e+02 9.691200732447138311e-01
4.079145e+02 9.677068693002696120e-01
4.094886e+02 9.496908271061526019e-01
4.110791e+02 9.584217028477198808e-01
4.126815e+02 9.482906203752278218e-01
4.142995e+02 9.604853194887216228e-01
4.159368e+02 9.648250844807579885e-01
4.175941e+02 9.589392726031477077e-01
4.192680e+02 9.631769520727029299e-01
4.209638e+02 9.457819861936486161e-01
4.226783e+02 9.650434737543662767e-01
4.244086e+02 9.393062610242991495e-01
4.261514e+02 9.567282576794008397e-01
4.279108e+02 9.519060448640704886e-01
4.296861e+02 9.535002185225558424e-01
4.314789e+02 9.683721476518213356e-01
4.332910e+02 9.607146869077318740e-01
4.351186e+02 9.567627775782707733e-01
4.369684e+02 9.467576941801628676e-01
4.388391e+02 9.586439869426834903e-01
4.407268e+02 9.660552981335637224e-01
4.426282e+02 9.559259016985943713e-01
4.445395e+02 9.564877685246291339e-01
4.464644e+02 9.560749609590237785e-01
4.484038e+02 9.624155313373852216e-01
4.503569e+02 9.487992707521170077e-01
4.523241e+02 9.519815821201402795e-01
4.543020e+02 9.577137408630947979e-01
4.562863e+02 9.665970826001050176e-01
4.582791e+02 9.443474651960752642e-01
4.602816e+02 9.493455745825883918e-01
4.622899e+02 9.464512724385499842e-01
4.642999e+02 9.606874341337685586e-01
4.663064e+02 9.558490186289116952e-01
4.683106e+02 9.618508288128986283e-01
4.703239e+02 9.585757434264324806e-01
4.723583e+02 9.542772214951918963e-01
4.744173e+02 9.465203696313868598e-01
4.786135e+02 9.476735013017538733e-01
4.807478e+02 9.358903010009576029e-01
4.829074e+02 9.579124235256391007e-01
4.850857e+02 9.501050149589921334e-01
4.872797e+02 9.770630971227978190e-01
4.894964e+02 9.527462674107394225e-01
4.917364e+02 9.498130668504020102e-01
4.939965e+02 9.459401249033473347e-01
4.962734e+02 9.558694226471295963e-01
4.985694e+02 9.474516825879192305e-01
5.008852e+02 9.452046325501439750e-01
5.032165e+02 9.433004272878408036e-01
5.055603e+02 9.464256616280071199e-01
5.079139e+02 9.611403189221692234e-01
5.102738e+02 9.530593854432646284e-01
5.126407e+02 9.503690083942506472e-01
5.150117e+02 9.443032507913717843e-01
5.173856e+02 9.718371258483844422e-01
5.197639e+02 9.444588923214146670e-01
5.245822e+02 9.384049469228604723e-01
5.270283e+02 9.563826146710611154e-01
5.294969e+02 9.327496453307069224e-01
5.319884e+02 9.494435430333617587e-01
5.345027e+02 9.167653264014521408e-01
5.370373e+02 9.515959405719824904e-01
5.395919e+02 9.405917841326796314e-01
5.421664e+02 9.390549441933135899e-01
5.447583e+02 9.396558339400281623e-01
5.473635e+02 9.451121034650254993e-01
5.499781e+02 9.320266941362643776e-01
5.552260e+02 9.573841720833732305e-01
5.578504e+02 9.344274229707095758e-01
5.604841e+02 9.317904132053789201e-01
5.631365e+02 9.428399796454859372e-01
5.658150e+02 9.348484615952388221e-01
5.685154e+02 9.376133025209726357e-01
5.712363e+02 9.369262126566737514e-01
5.739777e+02 9.375420371174792988e-01
5.767383e+02 9.325124790724851342e-01
5.795159e+02 9.487233715319520755e-01
5.823078e+02 9.341789533138226131e-01
5.851134e+02 9.131521163140964292e-01
5.879301e+02 9.359434626740006369e-01
5.907549e+02 9.129752662445786981e-01
5.935816e+02 9.495340336389568314e-01
5.964169e+02 9.502732614577084069e-01
5.992697e+02 9.282295989399150793e-01
6.021430e+02 9.464340390645877843e-01
6.050341e+02 9.382721699737410770e-01
6.079416e+02 9.354996060674029001e-01
6.108744e+02 9.454397163300255480e-01
6.138282e+02 9.295786865056659964e-01
6.167948e+02 9.304930778775672984e-01
6.197682e+02 9.395696895551538530e-01
6.227451e+02 9.300060247999151208e-01
6.257261e+02 9.286225288952499879e-01
6.287188e+02 9.234510910392237371e-01
6.317371e+02 9.357309489951515236e-01
6.347756e+02 9.237096623682686802e-01
6.409086e+02 9.325200766039037914e-01
6.440030e+02 9.212449696279757516e-01
6.471090e+02 9.297583719110162903e-01
6.502207e+02 9.457938620042964928e-01
6.533343e+02 9.246799391012424651e-01
6.564632e+02 9.198156040931215749e-01
6.596119e+02 9.402458004359189880e-01
6.627812e+02 9.255881261891615308e-01
6.659750e+02 9.212901051069118941e-01
6.691884e+02 9.337966601825410384e-01
6.724140e+02 9.201498785911009781e-01
6.756466e+02 9.394636982389489299e-01
6.788916e+02 9.221077565317592484e-01
6.821518e+02 9.224352425026893787e-01
6.854247e+02 9.232112972899804149e-01
6.887169e+02 9.218636780813231901e-01
6.920276e+02 9.321148190552993595e-01
6.953561e+02 9.327760288222718410e-01
6.987013e+02 9.186994323611276103e-01
7.020610e+02 8.961136755747874938e-01
7.054349e+02 9.142604426297920028e-01
7.122310e+02 9.159222974246452598e-01
7.156654e+02 9.264351011652643964e-01
7.191215e+02 9.034627806051138688e-01
7.225941e+02 9.121444333036253793e-01
7.260896e+02 9.274747537635993355e-01
7.296126e+02 9.192266144241252324e-01
7.331631e+02 9.168053111459663063e-01
7.367378e+02 9.204870223446000033e-01
7.403366e+02 9.096085342455410006e-01
7.439611e+02 9.131544671113056566e-01
7.476103e+02 9.197615328054411510e-01
7.512878e+02 9.180401964656593750e-01
7.550037e+02 9.175947515582663083e-01
7.587606e+02 9.104078144741545309e-01
7.625600e+02 9.047521513724959830e-01
7.663960e+02 8.962953973965540611e-01
7.702680e+02 9.063950356079998327e-01
7.741763e+02 9.265188399011308196e-01
7.781233e+02 9.195731674937285272e-01
7.821167e+02 9.029704866039487410e-01
7.861518e+02 8.923295331747745918e-01
7.902322e+02 9.129624600889796326e-01
7.943573e+02 9.247319330193364273e-01
7.985138e+02 9.279387240461024478e-01
8.026991e+02 9.093065427008489854e-01
8.069074e+02 9.233759325866742751e-01
8.111392e+02 9.142828286983990527e-01
8.153839e+02 8.940595213500545091e-01
8.196410e+02 8.939813239962667302e-01
8.238994e+02 9.001546134187166093e-01
8.323786e+02 9.023862020817198237e-01
8.365900e+02 8.905923622952804930e-01
8.407684e+02 8.966565956755651046e-01
8.449068e+02 9.097481497933798122e-01
8.530683e+02 9.088436435824494009e-01
8.570909e+02 8.983498428284447668e-01
8.610710e+02 9.052132740850011849e-01
8.650040e+02 9.044772962434994845e-01
8.688821e+02 9.124463069846315832e-01
8.727074e+02 9.065125882700710847e-01
8.765022e+02 9.102404581787088000e-01
8.802725e+02 9.000271883063588607e-01
8.877250e+02 8.758640329350675380e-01
8.914088e+02 8.923520915822606980e-01
8.950535e+02 8.997322932280905627e-01
8.986510e+02 8.983992201349957352e-01
9.022123e+02 9.085543867040550836e-01
9.092338e+02 8.975244231957790753e-01
9.126918e+02 9.020387019681128660e-01
9.161184e+02 8.953653608666377606e-01
9.195290e+02 8.926249674445488891e-01
9.229268e+02 8.804984789248985200e-01
9.263085e+02 8.808884427878620471e-01
9.296722e+02 9.008045773758562857e-01
9.330103e+02 9.036507475186268401e-01
9.363196e+02 8.910271683562043243e-01
9.396006e+02 8.912191579810245790e-01
9.428533e+02 8.851262307819262043e-01
9.460787e+02 8.893723436270637439e-01
9.492814e+02 8.964993767497283494e-01
9.524624e+02 8.972069495013552665e-01
9.556301e+02 9.082634173710227854e-01
9.587875e+02 8.758916158843540467e-01
9.619332e+02 8.920303064119537995e-01
9.650585e+02 8.848446783948953343e-01
9.681559e+02 8.809254430466857411e-01
9.712313e+02 8.895239117136785056e-01
9.742885e+02 8.980537683110968450e-01
9.773274e+02 8.791393760471332142e-01
9.803496e+02 8.739207865432332412e-01
9.833581e+02 8.871061623635270177e-01
9.863523e+02 8.838960840279457276e-01
9.893282e+02 8.821239743996622806e-01
9.952225e+02 8.935431322079958605e-01
9.981486e+02 8.779845168884932161e-01
1.001059e+03 8.791797475489081526e-01
1.003956e+03 8.604709337628559940e-01
1.006837e+03 8.734006156406243226e-01
1.009701e+03 8.823491770006188784e-01
1.012551e+03 8.864060837771434720e-01
1.015391e+03 8.641431631303617689e-01
1.018218e+03 8.629050045733793750e-01
1.021029e+03 9.071688621680109588e-01
1.023827e+03 8.705450887649266445e-01
1.029377e+03 8.931217500891939221e-01
1.032131e+03 8.789813162126485224e-01
1.034876e+03 8.755903126035885498e-01
1.037609e+03 8.670398645772862123e-01
1.040325e+03 8.902326444759522950e-01
1.043025e+03 8.800709146696217289e-01
1.045709e+03 8.712828656634369340e-01
1.048384e+03 8.877152734943896117e-01
1.051049e+03 8.695467836067536371e-01
1.053702e+03 8.614986709321100777e-01
1.056341e+03 8.603855898633571142e-01
1.058961e+03 8.733672863247222695e-01
1.061571e+03 8.720521528982257964e-01
1.064173e+03 8.605386902389531301e-01
1.066765e+03 8.774583429169813265e-01
1.069343e+03 8.698729065433910002e-01
1.071907e+03 8.654897906253505857e-01
1.074460e+03 8.743869271354960393e-01
1.077004e+03 8.718116694829506352e-01
1.079537e+03 8.783589600959168520e-01
1.082061e+03 8.669914094296657936e-01
1.084574e+03 8.815470599728514323e-01
1.087077e+03 8.690421185343247812e-01
1.089570e+03 8.570043876402498872e-01
1.092055e+03 8.654710536202380178e-01
1.094533e+03 8.784044492655131986e-01
1.097002e+03 8.855338183929737372e-01
1.099462e+03 8.532321902831758731e-01
1.101914e+03 8.828731076748296269e-01
1.104359e+03 8.691315086816916446e-01
1.106799e+03 8.695040604760030378e-01
1.109232e+03 8.605597463973971850e-01
1.111658e+03 8.738319239669259941e-01
1.114081e+03 8.749113845442736404e-01
1.121314e+03 8.620975427495839449e-01
1.123718e+03 8.782727134806601610e-01
1.126115e+03 8.786331821306132550e-01
1.128508e+03 8.624615561251417484e-01
1.130901e+03 8.657262979352460253e-01
1.133290e+03 8.555777092457408362e-01
1.135675e+03 8.695093969258411715e-01
1.138058e+03 8.652952576874799462e-01
1.140438e+03 8.554980266148164425e-01
1.142817e+03 8.714193530982816682e-01
1.145193e+03 8.795199948816145863e-01
1.147568e+03 8.810985598000322661e-01
1.149939e+03 8.510665768734750891e-01
1.152309e+03 8.572015839610626076e-01
1.154678e+03 8.620960326709505850e-01
1.157047e+03 8.697533535632884227e-01
1.159414e+03 8.630082029759289508e-01
1.161777e+03 8.614414539293514528e-01
1.164141e+03 8.689063838563164666e-01
1.166505e+03 8.671199394017342632e-01
1.168869e+03 8.665647076172923180e-01
1.171231e+03 8.555376648245752724e-01
1.173593e+03 8.577119976965292825e-01
1.175959e+03 8.682833546849361150e-01
1.180691e+03 8.498477023124219043e-01
1.183058e+03 8.526255113553762310e-01
1.185426e+03 8.452584251441426222e-01
1.187795e+03 8.676542746823563412e-01
1.190166e+03 8.573764246294561797e-01
1.192542e+03 8.436667482132511608e-01
1.194921e+03 8.465096499699881205e-01
1.197301e+03 8.429723059855708245e-01
1.202088e+03 8.525623791563843312e-01
1.204496e+03 8.699094569009738764e-01
1.209353e+03 8.547228882740832701e-01
1.211806e+03 8.645087039109597971e-01
1.214272e+03 8.519368431773856054e-01
1.219250e+03 8.467487888202731572e-01
1.221761e+03 8.638843290858652102e-01
1.224292e+03 8.438071389924366450e-01
1.226844e+03 8.538572162423592182e-01
1.229419e+03 8.594883686135013079e-01
1.232015e+03 8.635930266724609616e-01
1.234629e+03 8.500919733908727238e-01
1.237260e+03 8.539313172698203003e-01
1.239907e+03 8.422955277140619090e-01
1.242568e+03 8.646345278060652007e-01
1.245240e+03 8.578573663236165325e-01
1.247921e+03 8.521399752322288412e-01
1.250612e+03 8.527780660061974327e-01
1.253312e+03 8.615667807845871495e-01
1.256019e+03 8.348925584337508754e-01
1.258731e+03 8.410494539835365879e-01
1.261450e+03 8.535091043297136082e-01
1.264172e+03 8.444564162570598054e-01
1.266898e+03 8.359589947422781941e-01
1.272360e+03 8.544671710214928328e-01
1.275097e+03 8.444362331032172486e-01
1.277839e+03 8.640061223855464156e-01
1.280584e+03 8.597039609779109082e-01
1.283329e+03 8.520969386469086082e-01
1.286072e+03 8.300333452840803483e-01
1.288815e+03 8.489166038260758107e-01
1.291555e+03 8.511846236806379640e-01
1.294293e+03 8.609609387852322770e-01
1.297030e+03 8.414495959855478047e-01
1.299765e+03 8.556110586207308355e-01
1.302494e+03 8.368666058293449117e-01
1.307933e+03 8.366060788258272707e-01
1.310648e+03 8.273264136304174787e-01
1.313359e+03 8.419038839063315294e-01
1.316063e+03 8.268244256962229422e-01
1.318760e+03 8.575864171543807757e-01
1.321453e+03 8.493713605964012814e-01
1.324143e+03 8.380320859642313991e-01
1.326827e+03 8.416582492020657780e-01
1.329510e+03 8.405354721245468230e-01
1.332189e+03 8.397055954610885831e-01
1.334864e+03 8.351976177799980139e-01
1.337532e+03 8.474790148475405127e-01
1.340191e+03 8.388204437708902672e-01
1.342843e+03 8.318393140815364406e-01
1.345490e+03 8.373715175021284596e-01
1.348131e+03 8.329668726943409984e-01
1.350763e+03 8.548593673395966652e-01
1.353387e+03 8.663386122460148275e-01
1.356000e+03 8.433655434632087999e-01
1.358607e+03 8.308664755486593334e-01
1.361210e+03 8.449830186002258436e-01
1.363807e+03 8.521989314378445313e-01
1.366400e+03 8.439873601128387026e-01
1.368989e+03 8.372718583531680858e-01
1.371574e+03 8.405657292196113684e-01
1.374154e+03 8.462289121309312101e-01
1.376727e+03 8.363087267636426514e-01
1.379296e+03 8.490241221420845585e-01
1.381861e+03 8.449474549700701775e-01
1.386976e+03 8.316773588350420132e-01
1.389521e+03 8.429996980123479755e-01
1.392061e+03 8.327337817346205373e-01
1.394599e+03 8.456041244669650903e-01
1.397131e+03 8.491261176941149458e-01
1.399657e+03 8.326253651077344387e-01
1.402179e+03 8.450024940879864443e-01
1.407216e+03 8.372772844208915544e-01
1.409736e+03 8.213987242886497953e-01
1.412253e+03 8.290233571006351276e-01
1.414767e+03 8.531928358569482729e-01
1.417276e+03 8.391563239030256360e-01
1.419781e+03 8.503975110746782029e-01
1.422284e+03 8.207320599376676240e-01
1.424784e+03 8.438580587264579158e-01
1.427279e+03 8.272727731999868217e-01
1.429770e+03 8.394425668636759097e-01
1.432260e+03 8.281552763804609363e-01
1.437242e+03 8.262220442114018848e-01
1.439735e+03 8.380150351648973928e-01
1.442228e+03 8.513821363759124239e-01
1.444723e+03 8.495428098033581676e-01
1.447219e+03 8.344539867458379279e-01
1.449715e+03 8.319954265853033437e-01
1.452209e+03 8.399895055934274435e-01
1.454707e+03 8.552191985009364172e-01
1.457210e+03 8.446752229321452532e-01
1.459718e+03 8.290972577449063907e-01
1.462230e+03 8.310894651924064513e-01
1.464746e+03 8.336161196491332914e-01
1.467268e+03 8.377681466720551251e-01
1.469795e+03 8.307861469004096389e-01
1.472330e+03 8.406790006868851695e-01
1.474871e+03 8.452706864702730361e-01
1.477419e+03 8.419646663576283441e-01
1.479974e+03 8.389108625108552264e-01
1.482536e+03 8.318801114705761668e-01
1.485104e+03 8.238463069849076836e-01
1.490260e+03 8.248374401342973838e-01
1.492847e+03 8.371656389291345368e-01
1.495440e+03 8.426082116196564886e-01
1.498040e+03 8.262768170128340639e-01
1.500645e+03 8.307151095164866383e-01
1.503257e+03 8.310910388858311348e-01
1.505874e+03 8.432632737535113998e-01
1.508498e+03 8.430445791698402136e-01
1.511127e+03 8.335458317816082374e-01
1.513762e+03 8.340021484287778453e-01
1.516403e+03 8.325430984005779411e-01
1.519050e+03 8.402458441154555535e-01
1.521702e+03 8.294032572561874650e-01
1.524360e+03 8.356764146345212474e-01
1.527024e+03 8.252470566736100910e-01
1.532368e+03 8.521355926963536387e-01
1.535048e+03 8.227275420614722501e-01
1.537734e+03 8.375153493737295118e-01
1.543121e+03 8.332955323549788851e-01
1.545822e+03 8.349957491398926068e-01
1.548528e+03 8.390833959991382818e-01
1.551239e+03 8.399618382683600171e-01
1.553954e+03 8.423578760016675604e-01
1.556674e+03 8.210284283964209839e-01
1.559399e+03 8.493164891041823372e-01
1.562127e+03 8.550209384756526365e-01
1.564859e+03 8.349184894214922714e-01
1.570334e+03 8.467666271348673890e-01
1.575821e+03 8.342900016767431648e-01
1.578569e+03 8.416173615110635886e-01
1.581319e+03 8.387892143000155176e-01
1.584070e+03 8.339289130013156637e-01
1.586824e+03 8.440238091619839400e-01
1.589578e+03 8.239030741481051523e-01
1.592333e+03 8.389388611454660083e-01
1.595089e+03 8.546152728373106466e-01
1.597844e+03 8.373720299119559174e-01
1.600599e+03 8.158809670415276827e-01
1.603354e+03 8.378577284523364144e-01
1.606107e+03 8.368440978971706246e-01
1.608859e+03 8.485762604496681627e-01
1.611609e+03 8.355413260440800460e-01
1.614356e+03 8.392918054984399578e-01
1.617100e+03 8.512221162853639278e-01
1.619842e+03 8.483811793030148207e-01
1.622580e+03 8.369793166691210651e-01
1.625314e+03 8.311747349306091159e-01
1.628043e+03 8.552539266683021335e-01
1.630769e+03 8.403580209491113839e-01
1.633489e+03 8.336332906347494465e-01
1.636203e+03 8.403768781493974327e-01
1.638912e+03 8.454367436917333833e-01
1.641616e+03 8.448740586090488502e-01
1.644312e+03 8.499914602619450532e-01
1.647003e+03 8.457986051939453409e-01
1.649686e+03 8.445925029302020492e-01
1.652363e+03 8.489454606901098987e-01
1.655032e+03 8.376468327233829170e-01
1.660347e+03 8.548120821114364443e-01
1.662993e+03 8.499627929387093550e-01
1.665630e+03 8.427423164691763002e-01
1.668259e+03 8.518032376857446186e-01
1.670879e+03 8.588884712770804564e-01
1.673491e+03 8.510753661023849892e-01
1.676093e+03 8.413504932027372485e-01
1.681271e+03 8.460015794544468726e-01
1.683846e+03 8.519043861912631854e-01
1.686411e+03 8.288455792813067546e-01
1.688966e+03 8.415235053718433944e-01
1.691511e+03 8.385385024732006087e-01
1.694047e+03 8.564800321025829444e-01
1.696572e+03 8.569080815824609010e-01
1.699087e+03 8.467727500780009020e-01
1.701592e+03 8.533867109806689832e-01
1.704087e+03 8.684951945771409720e-01
1.706571e+03 8.623854470280252205e-01
1.709044e+03 8.633559122457739043e-01
1.711506e+03 8.697439387689940293e-01
1.713958e+03 8.543300212375684044e-01
1.716399e+03 8.627367013520852446e-01
1.718829e+03 8.470800674993160806e-01
1.721248e+03 8.572608929753638973e-01
1.723656e+03 8.573390843868254896e-01
1.726054e+03 8.555319227304785112e-01
1.728440e+03 8.689936898382404351e-01
1.730815e+03 8.713691841130831728e-01
1.733179e+03 8.462352857121069327e-01
1.735532e+03 8.636856941351235273e-01
1.737874e+03 8.539531506473003741e-01
1.740205e+03 8.599878307329735794e-01
1.742525e+03 8.681440786152327949e-01
1.744834e+03 8.620458748360683154e-01
1.747133e+03 8.721427957419595201e-01
1.749421e+03 8.622890519917798535e-01
1.751698e+03 8.570983788036777851e-01
1.753964e+03 8.653575467961711620e-01
1.756220e+03 8.528734632094772117e-01
1.758466e+03 8.692368918532631383e-01
1.762927e+03 8.691306150550313081e-01
1.765143e+03 8.603647490573501644e-01
1.767349e+03 8.494707795131578587e-01
1.769545e+03 8.534333765419284124e-01
1.773910e+03 8.611492321871400124e-01
1.776078e+03 8.666518781191071552e-01
1.778237e+03 8.737273692308510364e-01
1.780388e+03 8.615116278329560950e-01
1.782530e+03 8.596703516176534832e-01
1.784664e+03 8.665004389944727103e-01
1.786789e+03 8.747966792985450990e-01
1.788906e+03 8.704262997516413192e-01
1.791015e+03 8.661794078523763485e-01
1.793116e+03 8.736073103655479510e-01
1.795210e+03 8.756913551309511989e-01
1.797295e+03 8.641996119337700399e-01
1.799373e+03 8.660711465454370428e-01
1.801443e+03 8.510423419433454928e-01
1.803506e+03 8.598058801058910960e-01
1.805561e+03 8.823927024051539947e-01
1.807609e+03 8.687497680723464955e-01
1.809649e+03 8.672881083415514558e-01
1.811681e+03 8.775648219460866484e-01
1.813706e+03 8.718102423287585889e-01
1.815722e+03 8.780774114915081974e-01
1.817731e+03 8.482532879321915686e-01
1.821722e+03 8.629518439832439824e-01
1.823705e+03 8.790097146562898534e-01
1.825678e+03 8.728092578781005972e-01
1.827642e+03 8.743940239913909895e-01
1.829597e+03 8.618488414054046309e-01
1.831542e+03 8.698224131042213703e-01
1.833476e+03 8.785344200032058071e-01
1.835400e+03 8.644333264546409934e-01
1.837313e+03 8.701296096484135711e-01
1.839214e+03 8.832475276394488040e-01
1.841105e+03 8.775703703618997764e-01
1.844851e+03 8.715349194335275662e-01
1.846706e+03 8.644394937804276147e-01
1.848549e+03 8.808583195414492195e-01
1.850379e+03 8.617370967635787915e-01
1.852198e+03 8.714270454063283156e-01
1.854005e+03 8.834488792077300756e-01
1.855799e+03 8.652169398822733282e-01
1.857581e+03 8.746023665688227311e-01
1.859352e+03 8.768564694842508889e-01
1.861110e+03 8.783014731850905532e-01
1.862857e+03 8.681117450062135754e-01
1.864593e+03 8.852469702393895856e-01
1.866317e+03 8.643378531104025653e-01
1.868031e+03 8.638555966108750761e-01
1.869734e+03 8.856553180352257915e-01
1.871426e+03 8.785255677251464501e-01
1.873109e+03 8.728254598212022985e-01
1.874783e+03 8.609833296564902705e-01
1.876447e+03 8.743329710693278356e-01
1.878102e+03 8.651767544263172516e-01
1.879749e+03 8.753464798350590881e-01
1.881388e+03 8.582163026058532429e-01
1.883019e+03 8.642777682940157025e-01
1.884643e+03 8.738772755368285905e-01
1.886260e+03 8.782826513632689958e-01
1.887870e+03 8.875817390187812350e-01
1.889474e+03 8.739650492440059759e-01
1.891073e+03 8.653797925768603738e-01
1.892667e+03 8.676643748112677912e-01
1.894255e+03 8.808177511605205234e-01
1.895839e+03 8.683419136812630112e-01
1.897419e+03 8.648138425447812194e-01
1.898995e+03 8.716512851351712055e-01
1.902138e+03 8.613069392333163599e-01
1.903706e+03 8.513698066518531338e-01
1.905271e+03 8.710266015998725520e-01
1.906834e+03 8.640892066772737357e-01
1.908396e+03 8.641950812434411322e-01
1.909956e+03 8.596282025851541553e-01
1.913074e+03 8.603868313293415726e-01
1.914633e+03 8.641888136988523650e-01
1.916191e+03 8.654746986118708740e-01
1.917750e+03 8.439914881712383687e-01
1.919309e+03 8.741689971582374818e-01
1.920869e+03 8.702514963236619439e-01
1.922430e+03 8.707023449430431050e-01
1.923992e+03 8.727856606012777130e-01
1.925555e+03 8.613035879990210697e-01
1.927119e+03 8.726095673379161699e-01
1.928685e+03 8.629342506315217376e-01
1.930252e+03 8.576909194909674294e-01
1.931821e+03 8.630869559770232291e-01
1.933392e+03 8.706917034686393331e-01
1.934964e+03 8.594286625718590145e-01
1.936538e+03 8.556643661794591793e-01
1.938113e+03 8.718024959103056748e-01
1.939690e+03 8.563590851956857097e-01
1.941268e+03 8.660972722040325422e-01
1.942848e+03 8.449875849951057338e-01
1.946011e+03 8.722461210708460921e-01
1.947594e+03 8.698387997928764825e-01
1.949177e+03 8.540428083064954823e-01
1.950762e+03 8.674845127416308532e-01
1.952347e+03 8.683298973055506575e-01
1.953932e+03 8.658705399157174964e-01
1.955517e+03 8.670935194422775272e-01
1.957103e+03 8.666215349363175502e-01
1.958689e+03 8.657155051977865057e-01
1.960275e+03 8.703230973954183547e-01
1.961861e+03 8.496402360996818670e-01
1.963448e+03 8.546349831613507808e-01
1.965034e+03 8.681527042805200489e-01
1.966621e+03 8.602882397439802764e-01
1.968207e+03 8.536595807142314252e-01
1.969794e+03 8.460845153521220352e-01
1.971382e+03 8.553691990155054548e-01
1.972970e+03 8.465558205894146981e-01
1.974559e+03 8.730771644230868045e-01
1.976149e+03 8.564100753257778420e-01
1.977740e+03 8.705229157248851601e-01
1.979332e+03 8.540149534602766712e-01
1.980926e+03 8.716807623941996708e-01
1.982522e+03 8.514469336272266764e-01
1.984120e+03 8.752402683160724894e-01
1.985720e+03 8.713949868735225701e-01
1.987322e+03 8.652595850047387627e-01
1.988927e+03 8.704049642094567885e-01
1.990536e+03 8.695440495994254393e-01
1.992147e+03 8.827518457452048217e-01
1.993762e+03 8.704672527685463068e-01
1.995381e+03 8.640499365113165631e-01
1.997004e+03 8.711430835086406699e-01
1.998631e+03 8.643601188178313688e-01
2.000263e+03 8.646345576725492643e-01
2.001899e+03 8.656246790445878414e-01
2.006838e+03 8.700545663292118537e-01
2.008495e+03 8.721764252210755242e-01
2.010158e+03 8.680036362003245021e-01
2.011827e+03 8.699703170331147817e-01
2.013502e+03 8.708014245140400789e-01
2.015183e+03 8.590819956177742078e-01
2.016871e+03 8.724312876218807133e-01
2.018565e+03 8.623061074782114588e-01
2.020266e+03 8.682221593434191753e-01
2.021974e+03 8.692566145229769781e-01
2.023689e+03 8.753120996602755666e-01
2.025412e+03 8.625425583673178576e-01
2.027142e+03 8.790141811993608112e-01
2.028879e+03 8.775025450216867862e-01
2.030625e+03 8.621208346550182089e-01
2.032378e+03 8.777579559607548987e-01
2.034140e+03 8.647353238035137002e-01
2.035910e+03 8.805764408200128512e-01
2.037689e+03 8.812204898949236309e-01
2.039477e+03 8.697432239067933724e-01
2.041274e+03 8.872731967082393423e-01
2.043080e+03 8.658512256437773669e-01
2.044896e+03 8.760557161734442433e-01
2.046721e+03 8.858876697440657422e-01
2.048556e+03 8.784632813135325735e-01
2.050401e+03 8.812374277945829171e-01
2.052257e+03 8.873972628297742693e-01
2.054123e+03 8.888919017620968699e-01
2.055999e+03 8.589703995291888550e-01
2.057887e+03 8.802723784674922891e-01
2.059785e+03 8.923671362948801811e-01
2.061695e+03 8.714203261123847355e-01
2.063615e+03 8.726536427418764008e-01
2.065547e+03 8.846123532230512065e-01
2.067491e+03 8.930037056408535179e-01
2.069446e+03 8.811863201545317992e-01
2.071412e+03 8.768511738837484470e-01
2.073390e+03 8.932300034101918751e-01
2.079391e+03 8.782633745569524697e-01
2.081413e+03 8.787759235145721215e-01
2.083447e+03 8.779645736716817916e-01
2.085491e+03 9.054998031339737130e-01
2.087546e+03 8.923513211356834951e-01
2.089611e+03 8.757053348079023580e-01
2.091686e+03 8.785039282644112602e-01
2.093771e+03 8.985902083062756729e-01
2.095865e+03 8.840246210134516947e-01
2.097968e+03 8.954754403865449186e-01
2.100080e+03 8.962158743680218587e-01
2.102199e+03 8.773586945647291468e-01
2.104327e+03 9.002446162697396170e-01
2.108605e+03 8.965099799683715620e-01
2.110754e+03 9.034404118438839060e-01
2.112910e+03 8.733804570264191991e-01
2.115072e+03 8.949447195770062757e-01
2.117240e+03 8.865142053672224742e-01
2.119413e+03 8.930588681229272296e-01
2.121592e+03 8.680258411532298934e-01
2.123775e+03 8.922727606832199232e-01
2.125963e+03 8.850330808041264596e-01
2.128156e+03 8.810410637851734394e-01
2.130352e+03 8.899350930990358455e-01
2.132553e+03 8.987197889930396144e-01
2.134757e+03 8.602975854419518953e-01
2.136965e+03 8.655651762757738954e-01
2.139176e+03 8.852497257760115756e-01
2.141391e+03 9.016102332686014575e-01
2.143609e+03 8.829458347567932242e-01
2.145830e+03 8.920199467146520123e-01
2.148054e+03 8.846452330583576273e-01
2.150280e+03 8.835914550355644659e-01
2.152510e+03 8.934766844926252949e-01
2.154742e+03 8.927505568453936169e-01
2.159215e+03 8.856826852402620576e-01
2.161456e+03 8.979780856135174405e-01
2.163699e+03 8.932237090410025671e-01
2.165945e+03 8.994297820108779762e-01
2.168194e+03 8.812610614264476672e-01
2.170445e+03 8.814390907689109156e-01
2.172699e+03 8.899144929065174736e-01
2.174956e+03 8.804165962777901200e-01
2.177216e+03 8.666556644506741014e-01
2.181746e+03 8.998609489713583764e-01
2.184015e+03 8.816519288405672006e-01
2.186288e+03 8.755273737116830990e-01
2.188564e+03 8.832826672494553666e-01
2.193128e+03 8.895336443464771925e-01
2.195416e+03 8.807154167187216665e-01
2.197709e+03 8.840163052574446789e-01
2.200005e+03 8.916234381560425026e-01
2.202306e+03 9.004484301798435508e-01
2.204613e+03 8.912173842267416823e-01
2.206924e+03 8.659904038300616502e-01
2.209241e+03 8.819420084683143868e-01
2.211563e+03 8.766179900162911487e-01
2.213891e+03 8.839493206637819567e-01
2.216226e+03 8.953981167956274190e-01
2.218567e+03 8.848528515029812080e-01
2.220915e+03 8.997393083780412804e-01
2.223270e+03 8.801010791848122850e-01
2.225632e+03 8.720647520534280384e-01
2.228002e+03 8.838279925306788964e-01
2.230380e+03 8.737666716745798867e-01
2.232767e+03 8.810256971725283215e-01
2.235162e+03 8.916220324724501989e-01
2.239978e+03 8.812865910203505626e-01
2.242401e+03 9.015550803922480760e-01
2.244833e+03 8.809457527928905574e-01
2.247275e+03 8.754550224691630689e-01
2.249727e+03 8.842740396220875043e-01
2.252189e+03 8.696009428293912658e-01
2.254661e+03 8.738094815423433914e-01
2.257144e+03 8.798514497866337658e-01
2.259637e+03 8.833653844516328180e-01
2.262141e+03 8.655690545531286029e-01
2.264655e+03 8.750154613516510915e-01
2.269714e+03 8.862276973924718693e-01
2.272259e+03 8.818397490009084461e-01
2.274814e+03 8.813695163371911834e-01
2.277378e+03 8.785875714782193091e-01
2.279952e+03 8.812091455401953599e-01
2.285126e+03 8.710272294503538237e-01
2.287726e+03 8.691604951973670445e-01
2.290333e+03 8.903630267414388566e-01
2.292948e+03 8.761815875472579451e-01
2.295570e+03 8.823551041689696728e-01
2.298199e+03 8.730286298398570732e-01
2.300834e+03 8.794091788909250695e-01
2.303476e+03 8.731610660514420585e-01
2.306122e+03 8.823577836832479093e-01
2.308775e+03 8.692182381795994228e-01
2.311432e+03 8.716362514818429830e-01
2.314094e+03 8.823365293808026477e-01
2.316761e+03 8.765813514221016955e-01
2.319433e+03 8.762904081545016544e-01
2.322109e+03 8.722242905528848622e-01
2.324790e+03 8.729650475041467184e-01
2.327475e+03 8.764476338526956400e-01
2.330165e+03 8.642916810042702291e-01
2.332859e+03 8.734905904356077277e-01
2.335559e+03 8.742801681344810616e-01
2.338263e+03 8.803414829446175593e-01
2.340973e+03 8.656054380220159494e-01
2.343689e+03 8.635011168714061824e-01
2.346410e+03 8.711042889382691889e-01
2.349137e+03 8.643094089254003132e-01
2.351871e+03 8.813785739512490780e-01
2.354611e+03 8.818671461300736647e-01
2.357359e+03 8.740362834993229413e-01
2.360114e+03 8.666309300813286320e-01
2.362877e+03 8.694485201469839275e-01
2.365649e+03 8.775784808863620334e-01
2.368429e+03 8.927078430243974294e-01
2.371218e+03 8.640300798505785584e-01
2.374016e+03 8.692807842174847810e-01
2.376824e+03 8.688258270818509654e-01
2.379643e+03 8.713915151451603336e-01
2.382472e+03 8.663792844313403796e-01
2.385311e+03 8.673496283897140779e-01
2.388162e+03 8.708364828126291535e-01
2.391025e+03 8.773472134719799698e-01
2.393899e+03 8.731772841287746001e-01
2.396785e+03 8.700166905407821227e-01
2.402594e+03 8.824206940940760857e-01
2.405517e+03 8.914251354386828474e-01
2.408453e+03 8.540952320597097192e-01
2.411402e+03 8.609452524039951093e-01
2.414363e+03 8.589855317172863103e-01
2.417337e+03 8.651407674465099173e-01
2.420324e+03 8.800304778798531125e-01
2.423324e+03 8.709947563376507773e-01
2.426335e+03 8.795611204290108009e-01
2.429359e+03 8.866920485457240320e-01
2.432395e+03 8.659377033047761518e-01
2.438499e+03 8.857619854803041592e-01
2.441566e+03 8.659971777750884447e-01
2.444643e+03 8.649998799655846948e-01
2.447729e+03 8.625760932561858940e-01
2.450822e+03 8.598564703222774108e-01
2.453922e+03 8.749170061393048980e-01
2.457028e+03 8.602132670659896618e-01
2.460138e+03 8.776894054979299531e-01
2.463252e+03 8.586869869501753127e-01
2.466368e+03 8.669661426321193520e-01
2.469485e+03 8.598355092229695851e-01
2.472601e+03 8.634239556420878481e-01
2.475716e+03 8.505892626424101932e-01
2.478827e+03 8.498107384817887855e-01
2.481934e+03 8.652608821392442362e-01
2.485035e+03 8.610108821242753452e-01
2.488128e+03 8.582018186061084464e-01
2.491213e+03 8.742416625731265212e-01
2.494289e+03 8.709291939803973648e-01
2.497354e+03 8.573892222482322190e-01
2.500408e+03 8.598454431329808356e-01
2.503449e+03 8.414884871887533535e-01
2.506477e+03 8.473524406806053344e-01
2.509491e+03 8.560331882665171976e-01
2.512492e+03 8.699905465364691226e-01
2.515477e+03 8.545539937815394005e-01
2.518448e+03 8.626530946811867828e-01
2.521404e+03 8.495073313232555101e-01
2.524345e+03 8.588652344119189763e-01
2.527271e+03 8.436677427459829959e-01
2.530183e+03 8.574002837931247178e-01
2.533080e+03 8.561598846216533776e-01
2.535962e+03 8.573061810696445129e-01
2.538831e+03 8.572059084655802019e-01
2.541687e+03 8.373932035136677499e-01
2.544530e+03 8.798550883936158140e-01
2.547361e+03 8.610031913819806704e-01
2.550180e+03 8.520746443150633009e-01
2.552988e+03 8.572627422332766978e-01
2.555785e+03 8.485437877537872486e-01
2.558573e+03 8.535397697198876532e-01
2.561352e+03 8.677279053646899110e-01
2.564122e+03 8.635024192329211479e-01
2.566884e+03 8.569792633985331420e-01
2.569640e+03 8.611689939436618646e-01
2.572389e+03 8.509481889151417899e-01
2.575133e+03 8.536876878451102879e-01
2.580606e+03 8.538191757118092085e-01
2.583337e+03 8.476974383262068091e-01
2.586065e+03 8.527770017808877778e-01
2.588791e+03 8.717438744127748995e-01
2.591515e+03 8.519572649552256127e-01
2.594239e+03 8.571213444777496804e-01
2.596962e+03 8.421710217146972655e-01
2.599685e+03 8.633722262921030843e-01
2.602409e+03 8.509484039629418017e-01
2.605135e+03 8.512276381758310251e-01
2.607862e+03 8.492688170307683970e-01
2.610591e+03 8.504737599720347818e-01
2.613323e+03 8.558822883454647590e-01
2.616059e+03 8.583753190367766628e-01
2.618797e+03 8.654626859866736410e-01
2.621539e+03 8.605847581510445155e-01
2.624285e+03 8.488094892173188022e-01
2.627035e+03 8.657389568448228268e-01
2.629789e+03 8.655857906820475511e-01
2.632548e+03 8.645438276422021673e-01
2.638079e+03 8.494019605055976863e-01
2.640851e+03 8.477785332723375422e-01
2.643627e+03 8.516319078084166883e-01
2.646408e+03 8.635541428817713472e-01
2.651982e+03 8.487107333159923384e-01
2.654775e+03 8.628976667226212482e-01
2.657571e+03 8.583143564380503188e-01
2.660372e+03 8.705580930493828085e-01
2.663175e+03 8.574743013572945216e-01
2.665982e+03 8.545011205610925087e-01
2.668791e+03 8.669973063401986701e-01
2.671603e+03 8.664719184314620959e-01
2.674418e+03 8.518139876629913232e-01
2.677235e+03 8.686462060666115814e-01
2.680055e+03 8.577408753543913633e-01
2.682877e+03 8.702215464094485986e-01
2.685701e+03 8.758355114258730145e-01
2.688527e+03 8.616179786628263004e-01
2.691356e+03 8.563219176992292736e-01
2.694188e+03 8.685731455036617144e-01
2.697022e+03 8.553283203679870050e-01
2.699859e+03 8.612351896193209955e-01
2.702699e+03 8.531482999974948633e-01
2.705542e+03 8.676261583922166842e-01
2.708389e+03 8.552467694187989578e-01
2.711240e+03 8.704400891799158879e-01
2.714095e+03 8.812460552577472406e-01
2.716956e+03 8.658285661653677412e-01
2.719821e+03 8.690859457923891807e-01
2.722692e+03 8.675934576790222952e-01
2.725568e+03 8.778103782870175786e-01
2.728451e+03 8.753718597441532134e-01
2.731341e+03 8.756393886792087633e-01
2.734237e+03 8.837919409581623809e-01
2.737141e+03 8.830534247937873449e-01
2.740052e+03 8.752953789810509200e-01
2.742970e+03 8.693365426129863183e-01
2.745897e+03 8.721435462756367274e-01
2.748832e+03 8.775302720618038954e-01
2.751774e+03 8.740374300474006430e-01
2.754725e+03 8.905715590970586515e-01
2.757684e+03 8.733713631387362009e-01
2.760652e+03 8.894912279315830839e-01
2.766610e+03 8.768243346174420250e-01
2.769601e+03 8.780391011314372385e-01
2.772599e+03 8.779450917822720912e-01
2.775605e+03 8.821763982398356241e-01
2.778619e+03 8.869634526254096540e-01
2.784667e+03 8.923404177057604469e-01
2.787701e+03 8.873229398056960981e-01
2.790743e+03 8.634241755208135194e-01
2.793790e+03 8.804152756699314963e-01
2.796845e+03 8.992365248697999913e-01
2.799906e+03 8.851944220684954123e-01
2.802973e+03 8.924514704380867025e-01
2.806047e+03 8.748051597947823499e-01
2.809127e+03 9.036114111079027733e-01
2.812214e+03 9.049906578878958996e-01
2.815308e+03 8.826253994588787455e-01
2.818408e+03 8.944506526885365183e-01
2.821515e+03 8.854716101748989487e-01
2.824628e+03 8.873652439407687664e-01
2.827748e+03 8.841690828404029645e-01
2.830875e+03 8.776283065329333333e-01
2.834008e+03 8.817053489529532717e-01
2.837149e+03 8.843172611359695345e-01
2.840295e+03 8.947536614144501188e-01
2.843448e+03 8.849352345309908774e-01
2.846608e+03 8.718785488216517221e-01
2.849773e+03 8.824890915659456825e-01
2.852944e+03 8.879397251482292752e-01
2.856121e+03 8.984108064799786186e-01
2.859303e+03 8.766046745176009347e-01
2.862489e+03 8.704118578059092393e-01
2.865680e+03 8.865844832654246055e-01
2.868875e+03 8.888090403758082125e-01
2.872073e+03 8.639777984043530701e-01
2.875274e+03 8.820316893795182578e-01
2.878478e+03 8.739425672315965787e-01
2.881683e+03 8.784658568689847069e-01
2.884889e+03 8.670440571256325946e-01
2.888096e+03 8.684602020341121165e-01
2.891303e+03 8.713610263753941432e-01
2.894509e+03 8.767991513257417102e-01
2.897714e+03 8.860444717678228610e-01
2.900919e+03 8.770305874336439267e-01
2.904121e+03 8.748813756591381496e-01
2.907321e+03 8.623130826672996685e-01
2.910518e+03 8.800282278121388524e-01
2.913713e+03 8.623392239705841567e-01
2.916905e+03 8.734540291060191031e-01
2.920094e+03 8.666975809463897118e-01
2.923279e+03 8.575856794797265259e-01
2.926462e+03 8.817408653255989215e-01
2.929642e+03 8.639752688777055933e-01
2.932819e+03 8.875210903759819248e-01
2.935994e+03 8.631298493206501776e-01
2.939166e+03 8.676721066648286351e-01
2.942337e+03 8.505624704818099957e-01
2.945506e+03 8.460166626949979785e-01
2.948675e+03 8.657373443890444831e-01
2.951843e+03 8.700367870098838496e-01
2.955012e+03 8.459235187965533642e-01
2.961353e+03 8.565773327790017211e-01
2.970886e+03 8.549562831886188263e-01
2.974073e+03 8.498178406679233188e-01
2.977265e+03 8.528828256955184317e-01
2.980463e+03 8.513525443914121693e-01
2.983669e+03 8.663343963429295247e-01
2.986884e+03 8.651141825284403009e-01
2.990107e+03 8.526677962627778884e-01
2.993339e+03 8.634119244845176455e-01
2.996582e+03 8.489601305930060127e-01
2.999835e+03 8.584335680202332952e-01
3.003100e+03 8.489391479744514690e-01
3.006375e+03 8.373935120449876868e-01
3.009662e+03 8.634149740627024006e-01
3.012961e+03 8.543589177222120634e-01
3.016270e+03 8.555288601731142473e-01
3.019589e+03 8.421895508463641544e-01
3.022918e+03 8.597278826906995519e-01
3.026256e+03 8.497388786825534890e-01
3.029602e+03 8.451369775100747717e-01
3.032954e+03 8.538602806456341288e-01
3.036311e+03 8.638383202914973191e-01
3.039671e+03 8.533182866487227791e-01
3.043032e+03 8.491094657031007520e-01
3.046395e+03 8.449732659694071391e-01
3.049755e+03 8.522635519351885458e-01
3.053114e+03 8.507556879332297539e-01
3.056469e+03 8.541234343944217322e-01
3.059819e+03 8.616058747186005062e-01
3.063163e+03 8.458214731882661708e-01
3.066502e+03 8.562673511253107161e-01
3.069835e+03 8.480316391865868608e-01
3.073162e+03 8.425716211024262270e-01
3.079798e+03 8.549101226408621912e-01
3.083108e+03 8.479318769726628124e-01
3.086415e+03 8.348266720021232379e-01
3.089717e+03 8.562497927953069965e-01
3.093018e+03 8.730610504241040903e-01
3.096317e+03 8.539259338904438001e-01
3.099616e+03 8.556212790557229386e-01
3.102916e+03 8.542019035440321373e-01
3.106219e+03 8.529110895507164836e-01
3.109525e+03 8.537836410381274277e-01
3.112836e+03 8.559395655732542352e-01
3.116153e+03 8.438683251542073993e-01
3.119477e+03 8.574443056527155660e-01
3.122811e+03 8.595177796559932970e-01
3.126154e+03 8.584262483398459320e-01
3.129509e+03 8.553485398540612294e-01
3.132877e+03 8.538977650081954751e-01
3.136258e+03 8.610882495195385511e-01
3.139655e+03 8.618384939457270910e-01
3.143068e+03 8.527964224699600138e-01
3.146498e+03 8.615603552617286942e-01
3.149947e+03 8.700314330310807698e-01
3.153415e+03 8.619181841690348733e-01
3.156903e+03 8.593594986429795579e-01
3.160412e+03 8.548806585996561180e-01
3.163942e+03 8.423463645798499044e-01
3.167494e+03 8.539448753126430702e-01
3.171069e+03 8.610349083726529518e-01
3.174665e+03 8.647255411100216449e-01
3.178284e+03 8.609065673365701166e-01
3.181924e+03 8.502878282744178451e-01
3.185585e+03 8.475315446409356079e-01
3.189267e+03 8.657515639449642197e-01
3.192968e+03 8.761353296628638931e-01
3.200423e+03 8.876421600444216464e-01
3.204174e+03 8.663939663259958568e-01
3.207938e+03 8.627707423055512859e-01
3.211714e+03 8.682245941746395967e-01
3.215499e+03 8.770781674352434720e-01
3.219292e+03 8.483521525179958944e-01
3.223091e+03 8.524566380002658317e-01
3.226894e+03 8.659312534796341776e-01
3.230700e+03 8.778371444972377091e-01
3.234507e+03 8.857469085684626098e-01
3.238314e+03 8.728788235338158508e-01
3.242120e+03 8.576783610957816606e-01
3.245925e+03 8.723103439823592931e-01
3.249727e+03 8.725711753398582848e-01
3.253527e+03 8.734143873419675241e-01
3.257325e+03 8.707355096283113660e-01
3.261120e+03 8.649768394797300308e-01
3.264913e+03 8.537750078234337403e-01
3.268704e+03 8.694998775029437743e-01
3.272493e+03 8.755992627747272161e-01
3.276282e+03 8.731429120879005135e-01
3.280071e+03 8.585976206804181166e-01
3.283861e+03 8.718231695015790095e-01
3.287653e+03 8.804215842573879236e-01
3.291447e+03 8.587224606028178719e-01
3.295244e+03 8.793110729955537774e-01
3.299046e+03 8.500604410328812532e-01
3.302853e+03 8.660743364049084958e-01
3.306667e+03 8.707538437355835104e-01
3.310488e+03 8.597000258461956479e-01
3.314317e+03 8.587036936904648421e-01
3.322003e+03 8.676061346964571985e-01
3.325861e+03 8.683295749609905023e-01
3.329732e+03 8.607458703598613869e-01
3.333614e+03 8.668288717946548427e-01
3.337510e+03 8.647845571632708506e-01
3.341420e+03 8.771926492169029865e-01
3.345343e+03 8.661193961649766848e-01
3.349282e+03 8.556470821915578284e-01
3.353236e+03 8.565692361391153975e-01
3.357206e+03 8.681713224652737315e-01
3.361192e+03 8.551127806354832384e-01
3.365194e+03 8.674971099094291871e-01
3.369212e+03 8.638193707709317382e-01
3.373247e+03 8.565748528157982600e-01
3.377297e+03 8.757494149141397122e-01
3.381364e+03 8.648519236807987731e-01
3.385446e+03 8.490675866849364262e-01
3.393655e+03 8.716723966748783914e-01
3.397780e+03 8.620485210602946147e-01
3.401917e+03 8.572329233959101735e-01
3.410225e+03 8.555887458281589142e-01
3.414393e+03 8.490929254693170281e-01
3.418570e+03 8.712869881540151740e-01
3.422753e+03 8.752289174002646499e-01
3.426942e+03 8.641203445446734577e-01
3.431135e+03 8.632384524425849026e-01
3.435333e+03 8.462950506569426601e-01
3.439534e+03 8.326649627461459868e-01
3.443738e+03 8.430592476083254017e-01
3.447944e+03 8.591310735357209349e-01
3.452152e+03 8.543856281044706069e-01
3.456363e+03 8.494865563972401334e-01
3.460577e+03 8.528345916432661378e-01
3.464793e+03 8.619095054636822795e-01
3.469014e+03 8.619815079809991509e-01
3.473239e+03 8.408572091578646601e-01
3.477469e+03 8.561591807129779186e-01
3.481706e+03 8.550882777528802103e-01
3.485950e+03 8.546301931032223020e-01
3.490203e+03 8.625455054421760082e-01
3.494466e+03 8.638621497680853967e-01
3.498739e+03 8.579786686451850164e-01
3.503024e+03 8.516773308558782674e-01
3.507322e+03 8.550118570398427265e-01
3.511635e+03 8.433152987283191182e-01
3.515962e+03 8.612391506758658721e-01
3.520304e+03 8.399044648155443715e-01
3.524663e+03 8.485852736784734729e-01
3.529038e+03 8.641335446366620321e-01
3.533430e+03 8.574041149264876038e-01
3.537839e+03 8.645736735522828731e-01
3.542263e+03 8.527883135303164774e-01
3.546703e+03 8.546888057019146334e-01
3.551157e+03 8.410392296506835619e-01
3.555624e+03 8.571315015413479843e-01
3.560103e+03 8.545223998624842388e-01
3.564590e+03 8.562619735358013573e-01
3.569085e+03 8.552073901054739746e-01
3.573585e+03 8.568923979387701451e-01
3.578086e+03 8.491116832057987729e-01
3.582587e+03 8.604582169917722734e-01
3.587085e+03 8.577027922167618224e-01
3.591577e+03 8.455312065493960638e-01
3.596062e+03 8.485729877545828970e-01
3.600538e+03 8.435456160424071870e-01
3.605003e+03 8.650484963456293031e-01
3.609455e+03 8.580921518581997587e-01
3.613895e+03 8.471690986845388238e-01
3.618322e+03 8.525139566745123521e-01
3.622736e+03 8.515547579275212220e-01
3.627137e+03 8.531742271767376318e-01
3.631526e+03 8.542980168112692674e-01
3.635905e+03 8.476415711652373064e-01
3.640275e+03 8.570950551173918130e-01
3.644637e+03 8.647244902943316269e-01
3.648993e+03 8.502274438746637575e-01
3.653345e+03 8.372005526179882029e-01
3.657695e+03 8.585173776757311082e-01
3.662046e+03 8.511979621811091024e-01
3.666399e+03 8.468563041644003864e-01
3.670758e+03 8.546561887386071588e-01
3.675123e+03 8.516467854581576402e-01
3.679498e+03 8.511049105918949698e-01
3.683885e+03 8.480311673153827501e-01
3.688285e+03 8.485258006756740690e-01
3.692701e+03 8.522660045479527602e-01
3.697134e+03 8.444485826157742681e-01
3.701584e+03 8.554668215309572110e-01
3.706054e+03 8.639991303134294531e-01
3.710544e+03 8.537426878920271189e-01
3.715053e+03 8.501946710820695863e-01
3.719581e+03 8.526726526900311187e-01
3.724127e+03 8.605877202208505050e-01
3.728689e+03 8.623450714067013578e-01
3.733265e+03 8.433143873709301186e-01
3.737852e+03 8.531713721635582059e-01
3.742448e+03 8.604530723337980858e-01
3.747050e+03 8.463356296421652436e-01
3.751655e+03 8.600104771898445799e-01
3.756261e+03 8.555683039456409844e-01
3.760865e+03 8.587648896425411627e-01
3.765465e+03 8.537269692780552477e-01
3.770060e+03 8.419398957335558764e-01
3.774649e+03 8.522555761970598276e-01
3.779233e+03 8.553196737564030538e-01
3.783812e+03 8.713194625622991962e-01
3.788387e+03 8.593952673927832686e-01
3.792958e+03 8.607392153292048320e-01
3.797529e+03 8.587987490169167737e-01
3.802101e+03 8.584286086391399451e-01
3.806676e+03 8.685222168980244462e-01
3.811256e+03 8.637962141426677176e-01
3.820444e+03 8.691891983400935606e-01
3.825056e+03 8.555802712674147603e-01
3.834332e+03 8.675940752930612065e-01
3.839000e+03 8.495638583847875402e-01
3.853150e+03 8.566698815880787743e-01
3.857922e+03 8.566348873899648497e-01
3.862724e+03 8.625761841658473594e-01
3.867557e+03 8.770039215439341396e-01
3.872421e+03 8.473081213439962456e-01
3.877318e+03 8.700398481526940841e-01
3.882245e+03 8.631536197920333109e-01
3.887203e+03 8.563433404996810827e-01
3.892190e+03 8.688772441998429130e-01
3.897205e+03 8.604176359898190185e-01
3.902246e+03 8.601712351991792627e-01
3.907309e+03 8.666221308160412251e-01
3.912394e+03 8.534704189916693107e-01
3.917496e+03 8.561543260524446808e-01
3.922613e+03 8.620516613527350325e-01
3.927743e+03 8.534255160416742703e-01
3.932882e+03 8.609822162703019144e-01
3.938029e+03 8.623476843586055374e-01
3.948340e+03 8.653777079341290479e-01
3.953501e+03 8.593036245916080285e-01
3.958665e+03 8.601327095369188935e-01
3.963831e+03 8.355616729717447733e-01
3.968999e+03 8.549849307145869215e-01
3.974170e+03 8.607662584543634976e-01
3.984525e+03 8.639988965260799736e-01
3.989712e+03 8.540869015410367249e-01
3.994907e+03 8.414822512704699387e-01
4.000111e+03 8.485703015601385735e-01
4.005328e+03 8.517311889430315697e-01
4.010559e+03 8.368591362857874527e-01
4.015808e+03 8.482243912885752968e-01
4.021076e+03 8.381694093519599376e-01
4.026365e+03 8.623256811442402414e-01
4.031680e+03 8.532420562121028063e-01
4.037021e+03 8.583469839387957157e-01
4.042392e+03 8.441906305543271927e-01
4.047794e+03 8.523133972211522913e-01
4.053230e+03 8.490294790357462151e-01
4.058701e+03 8.346348683880172592e-01
4.064207e+03 8.412162049018185872e-01
4.069749e+03 8.421455496092117299e-01
4.080936e+03 8.466804529996714290e-01
4.086576e+03 8.554776922260777239e-01
4.092242e+03 8.654601634850345171e-01
4.097930e+03 8.439510436868062904e-01
4.109349e+03 8.497116621647300416e-01
4.115068e+03 8.315789095961304556e-01
4.120785e+03 8.502668343194451639e-01
4.126496e+03 8.488562724210915178e-01
4.132196e+03 8.496224644566755524e-01
4.137881e+03 8.498410953521090550e-01
4.143552e+03 8.527201261369095064e-01
4.149206e+03 8.463325513209807305e-01
4.154845e+03 8.437577318578021179e-01
4.160469e+03 8.590725606890534660e-01
4.166083e+03 8.602650797574756814e-01
4.171688e+03 8.653082832113367928e-01
4.177289e+03 8.544916151790494796e-01
4.182890e+03 8.417441680073143306e-01
4.188495e+03 8.445135129333815049e-01
4.194109e+03 8.393775245169438071e-01
4.199736e+03 8.527387361490171847e-01
4.205383e+03 8.560610159917233508e-01
4.211054e+03 8.431452903433680479e-01
4.216753e+03 8.556463209067249887e-01
4.222486e+03 8.441650977942352085e-01
4.228256e+03 8.509542761313972914e-01
4.234068e+03 8.591982289527594352e-01
4.239924e+03 8.579111615736561003e-01
4.245826e+03 8.472289743890828451e-01
4.251775e+03 8.641308465980062081e-01
4.257770e+03 8.405257552851586045e-01
4.263808e+03 8.630086483270883457e-01
4.269885e+03 8.664771956340708847e-01
4.275994e+03 8.593973885020382841e-01
4.282126e+03 8.625670292577614084e-01
4.288272e+03 8.746999287502672527e-01
4.294422e+03 8.651370548083787693e-01
4.300566e+03 8.429440274770777508e-01
4.306696e+03 8.724661600568637265e-01
4.312805e+03 8.487079036305738011e-01
4.318888e+03 8.650772533631252426e-01
4.324943e+03 8.519376712874113800e-01
4.330970e+03 8.593529028976071293e-01
4.336970e+03 8.770324647171523491e-01
4.342945e+03 8.634215026501552703e-01
4.348901e+03 8.565316697342463259e-01
4.354841e+03 8.523081538808569002e-01
4.366699e+03 8.411769836953019164e-01
4.372629e+03 8.486410377947430916e-01
4.378568e+03 8.528716563303126996e-01
4.384523e+03 8.446839272051791525e-01
4.390499e+03 8.668766935615924707e-01
4.396504e+03 8.428410804506198950e-01
4.402541e+03 8.500748957633649239e-01
4.408618e+03 8.604382296539120345e-01
4.414738e+03 8.484488062805993769e-01
4.420904e+03 8.411768906113722410e-01
4.427119e+03 8.685342058891341033e-01
4.439698e+03 8.434874681058784907e-01
4.446059e+03 8.552428358831596356e-01
4.452461e+03 8.423373539085486916e-01
4.458900e+03 8.413763335399632171e-01
4.465367e+03 8.563496488064604728e-01
4.471854e+03 8.506535545284579225e-01
4.484856e+03 8.425498927060495191e-01
4.491358e+03 8.517832936004169353e-01
4.497852e+03 8.444374239472106636e-01
4.504338e+03 8.301660044160833474e-01
4.510813e+03 8.352537117033554948e-01
4.517278e+03 8.588048169317955560e-01
4.523736e+03 8.386932855052052771e-01
4.530189e+03 8.502872962112100197e-01
4.536643e+03 8.374745842583778410e-01
4.543101e+03 8.426563517516644231e-01
4.549569e+03 8.357111079382014696e-01
4.556052e+03 8.478512722534609081e-01
4.562557e+03 8.434593771206546631e-01
4.569087e+03 8.337417273584478705e-01
4.575647e+03 8.335290124757770425e-01
4.582243e+03 8.475996146764747108e-01
4.588877e+03 8.403494002463300916e-01
4.595551e+03 8.496937023388583254e-01
4.602268e+03 8.480847422389382606e-01
4.609026e+03 8.465644623971454452e-01
4.615825e+03 8.585466214444320565e-01
4.622661e+03 8.435197181012696888e-01
4.629528e+03 8.557290627555179663e-01
4.636422e+03 8.426867010349960996e-01
4.643334e+03 8.551028976227328382e-01
4.650258e+03 8.416594756861480731e-01
4.657187e+03 8.391495600560588963e-01
4.664114e+03 8.411113234004682360e-01
4.671036e+03 8.485543650590036124e-01
4.677948e+03 8.365962172608480962e-01
4.684850e+03 8.333632725481221470e-01
4.691742e+03 8.405737670911835879e-01
4.698626e+03 8.440496663793972676e-01
4.705505e+03 8.535714658119959442e-01
4.712383e+03 8.391098467835964581e-01
4.719267e+03 8.646150982404087193e-01
4.726160e+03 8.534470086825197699e-01
4.733069e+03 8.502806496854418139e-01
4.740000e+03 8.347583401248512835e-01
4.746958e+03 8.591894094309343588e-01
4.753948e+03 8.497558926930410816e-01
4.760973e+03 8.519850459989132263e-01
4.768036e+03 8.378049282020080257e-01
4.775139e+03 8.471219229049085087e-01
4.782280e+03 8.326111749730503719e-01
4.789459e+03 8.445228774555734175e-01
4.796670e+03 8.469034612349600755e-01
4.803909e+03 8.516218870724482359e-01
4.811168e+03 8.586353132453493631e-01
4.818442e+03 8.418304648536573120e-01
4.825722e+03 8.384690288116668500e-01
4.833004e+03 8.534123237018721442e-01
4.840283e+03 8.511303430797946268e-01
4.847557e+03 8.494441053596679669e-01
4.854826e+03 8.572547686466901462e-01
4.862091e+03 8.635665806591705795e-01
4.869357e+03 8.490754497376077348e-01
4.876628e+03 8.449481169329461361e-01
4.883910e+03 8.658051057604191358e-01
4.891211e+03 8.390085102097675218e-01
4.898536e+03 8.568884402019701918e-01
4.905895e+03 8.468501220489204062e-01
4.913293e+03 8.513460858729348102e-01
4.920737e+03 8.453023823629151057e-01
4.928232e+03 8.480104061400199900e-01
4.935783e+03 8.535800174791396966e-01
4.943392e+03 8.496211892645824104e-01
4.951057e+03 8.410956403746299159e-01
4.958776e+03 8.393132098343693004e-01
4.966545e+03 8.544048951625408117e-01
4.974355e+03 8.372410978650248747e-01
4.982198e+03 8.369685371373116745e-01
4.990066e+03 8.476032476079062850e-01
4.997949e+03 8.612795149136126538e-01
5.005841e+03 8.488173770297822163e-01
5.013739e+03 8.471262903305395442e-01
5.021640e+03 8.494162963202523953e-01
5.029547e+03 8.501154099942701547e-01
5.037465e+03 8.434540907259716613e-01
5.045400e+03 8.495097911964936133e-01
5.053363e+03 8.372461603613645664e-01
5.061362e+03 8.447778585811802632e-01
5.069410e+03 8.392339061096292241e-01
5.077518e+03 8.427625092598161061e-01
5.085697e+03 8.634553382777448993e-01
5.093956e+03 8.406401960583056443e-01
5.102302e+03 8.481195381469834871e-01
5.110740e+03 8.421502964870148933e-01
5.119268e+03 8.400664108456863399e-01
5.127881e+03 8.441290214159692384e-01
5.136568e+03 8.377018220851800701e-01
5.145310e+03 8.446998541474171063e-01
5.154089e+03 8.593098403313704781e-01
5.162885e+03 8.434995433708095680e-01
5.171680e+03 8.615463059214850672e-01
5.180463e+03 8.427058934299798132e-01
5.189229e+03 8.497699741582637190e-01
5.197977e+03 8.613430062456268743e-01
5.206716e+03 8.580354824052200957e-01
5.215457e+03 8.357765089941607828e-01
5.224214e+03 8.318050798462627293e-01
5.233003e+03 8.582322613696427016e-01
5.241844e+03 8.383859905821965386e-01
5.250754e+03 8.454447365062967013e-01
5.259754e+03 8.497046938894423640e-01
5.268859e+03 8.326018782778015215e-01
5.278087e+03 8.517028060385691823e-01
5.287446e+03 8.443327008154185576e-01
5.296940e+03 8.472771312582711989e-01
5.306564e+03 8.439875084902331848e-01
5.316298e+03 8.438325444162743105e-01
5.326110e+03 8.447383449310381653e-01
5.345802e+03 8.540545821893673617e-01
5.355600e+03 8.493986737290322164e-01
5.365327e+03 8.481579430949554022e-01
5.374973e+03 8.373187121611629369e-01
5.384541e+03 8.464173464176416584e-01
5.394044e+03 8.458210022548592333e-01
5.403502e+03 8.509846976669053209e-01
5.412941e+03 8.594736464257114461e-01
5.422387e+03 8.299903315614801658e-01
5.431870e+03 8.274252455082998781e-01
5.441416e+03 8.315239533156069118e-01
5.451053e+03 8.450601526835092026e-01
5.460806e+03 8.478217769738094489e-01
5.470695e+03 8.514622373040943160e-01
5.480733e+03 8.525056782636025732e-01
5.490918e+03 8.349830651199833254e-01
5.501235e+03 8.437565646607291248e-01
5.511648e+03 8.324127964768444077e-01
5.522107e+03 8.483292885001557648e-01
5.532559e+03 8.427154916423760245e-01
5.542956e+03 8.354231226277777367e-01
5.553270e+03 8.411169712108993446e-01
5.563493e+03 8.529864549918558803e-01
5.573633e+03 8.503440995394400126e-01
5.603800e+03 8.272725728448582228e-01
5.613871e+03 8.470603089978857581e-01
5.624001e+03 8.590033350677306334e-01
5.634215e+03 8.558871032838503146e-01
5.644536e+03 8.467143800724633573e-01
5.654976e+03 8.480968217073630022e-01
5.665539e+03 8.354520055521965638e-01
5.676216e+03 8.559341444294276124e-01
5.686985e+03 8.432737691952449932e-01
5.697814e+03 8.420748751445741309e-01
5.708666e+03 8.588245537686016728e-01
5.719509e+03 8.447900449787701938e-01
5.730322e+03 8.331119862428237877e-01
5.741097e+03 8.648076629403822491e-01
5.751837e+03 8.412169528478771197e-01
5.762559e+03 8.450498749327921555e-01
5.773282e+03 8.464149978509535321e-01
5.784031e+03 8.301724687985929663e-01
5.794830e+03 8.379538659043690441e-01
5.805700e+03 8.417964920661399342e-01
5.816657e+03 8.585358427005072013e-01
5.827711e+03 8.353031827750276861e-01
5.838860e+03 8.574043813728593477e-01
5.850092e+03 8.297356711083608838e-01
5.861389e+03 8.360023601242413394e-01
5.872722e+03 8.492357748777322746e-01
5.884067e+03 8.486164890979350783e-01
5.895403e+03 8.307378550699622277e-01
5.906719e+03 8.646085941032635169e-01
5.918016e+03 8.408285624741120845e-01
5.929304e+03 8.520173386494659384e-01
5.940600e+03 8.393483775901575683e-01
5.951928e+03 8.423130163445330387e-01
5.963310e+03 8.523850882692003417e-01
5.974770e+03 8.474864536100098489e-01
5.986326e+03 8.536103924287353761e-01
5.997993e+03 8.378260163373120184e-01
6.009773e+03 8.426065090731326146e-01
6.021661e+03 8.502313597313068128e-01
6.033642e+03 8.393373345634755900e-01
6.045692e+03 8.422842801467175233e-01
6.057787e+03 8.546577320917253529e-01
6.069907e+03 8.348401260314127770e-01
6.082040e+03 8.479571388527363807e-01
6.094185e+03 8.434162291824911506e-01
6.106352e+03 8.522682479765091301e-01
6.130817e+03 8.202225819580009070e-01
6.143156e+03 8.463743189958609081e-01
6.155588e+03 8.364457032909048406e-01
6.180764e+03 8.428168666455388980e-01
6.206324e+03 8.518396524019239413e-01
6.219218e+03 8.371483960284678005e-01
6.232177e+03 8.509628756030259700e-01
6.245202e+03 8.425465459484888786e-01
6.271512e+03 8.403819236677965154e-01
6.284850e+03 8.541954122399054716e-01
6.298352e+03 8.466516265441571543e-01
6.312041e+03 8.443283798146180574e-01
6.325927e+03 8.522844328266502290e-01
6.339995e+03 8.423643947030170498e-01
6.354200e+03 8.544132042581548125e-01
6.368481e+03 8.393497010910561107e-01
6.382774e+03 8.396783700705053866e-01
6.397035e+03 8.540220527235959924e-01
6.411256e+03 8.507283073975696608e-01
6.425464e+03 8.457942651283436586e-01
6.439713e+03 8.666737806194533267e-01
6.454079e+03 8.348250817607484331e-01
6.468648e+03 8.475992667540719339e-01
6.483507e+03 8.403800761177631085e-01
6.498732e+03 8.439929085165687184e-01
6.514363e+03 8.288230014222255360e-01
6.530367e+03 8.455491006545393651e-01
6.546613e+03 8.412523824469800848e-01
6.562893e+03 8.559521451532312586e-01
6.579025e+03 8.376856240798180586e-01
6.594927e+03 8.409573465896068578e-01
6.610623e+03 8.325770365334360656e-01
6.626209e+03 8.441580736947695840e-01
6.641811e+03 8.560105201852580281e-01
6.657567e+03 8.556804832396637250e-01
6.673611e+03 8.508986803387909026e-01
6.690055e+03 8.475889673094491039e-01
6.706959e+03 8.346984038432223585e-01
6.724285e+03 8.516887668338315454e-01
6.741864e+03 8.350042912424051611e-01
6.759455e+03 8.464138386187588514e-01
6.776865e+03 8.198713822129042317e-01
6.794036e+03 8.448776806453482946e-01
6.811025e+03 8.520585192629035465e-01
6.827949e+03 8.481455839671349084e-01
6.844939e+03 8.423496471156488585e-01
6.862110e+03 8.570286592283908877e-01
6.879531e+03 8.374680666015532626e-01
6.897205e+03 8.520103071052284038e-01
6.915059e+03 8.382304454088289614e-01
6.950862e+03 8.401419672892083135e-01
6.968669e+03 8.503563638578988115e-01
6.986428e+03 8.364500136969479360e-01
7.004213e+03 8.372968652516902255e-01
7.022110e+03 8.437887385966466036e-01
7.040190e+03 8.349433702913889865e-01
7.058474e+03 8.387002981856196415e-01
7.076929e+03 8.478262157937641597e-01
7.095472e+03 8.360496203649788738e-01
7.114012e+03 8.438561368801383855e-01
7.132500e+03 8.590541742361044175e-01
7.150947e+03 8.493044928683829431e-01
7.169415e+03 8.297903663430804544e-01
7.206775e+03 8.576697111834095111e-01
7.225827e+03 8.572067488689210091e-01
7.245172e+03 8.424569291773700286e-01
7.264772e+03 8.387637961745906257e-01
7.304413e+03 8.432354262167776060e-01
7.324316e+03 8.486860633946163857e-01
7.344259e+03 8.431460755021333853e-01
7.364284e+03 8.561191185707366369e-01
7.384453e+03 8.449363445972534192e-01
7.404826e+03 8.731054490407986757e-01
7.425448e+03 8.573842870433560082e-01
7.446346e+03 8.306929674129290841e-01
7.489030e+03 8.526056674443744932e-01
7.510831e+03 8.416481412383776117e-01
7.532920e+03 8.410694416628786696e-01
7.555239e+03 8.350180732347564083e-01
7.577705e+03 8.637475505491156724e-01
7.600244e+03 8.356814564590637762e-01
7.622855e+03 8.594241498887542630e-01
7.645630e+03 8.576529484690079697e-01
7.668745e+03 8.463413582656571510e-01
7.692419e+03 8.335063574924606034e-01
7.716834e+03 8.463611103649169021e-01
7.742005e+03 8.375495081941266573e-01
7.793339e+03 8.539737478039617358e-01
7.818827e+03 8.458384898389177398e-01
7.844229e+03 8.300040489212020534e-01
7.896237e+03 8.560772732187037493e-01
7.923616e+03 8.522036246435709117e-01
7.951995e+03 8.406295535841212807e-01
7.980769e+03 8.409369909575702406e-01
8.009270e+03 8.475602675635443006e-01
8.037385e+03 8.560963102866603336e-01
8.065452e+03 8.430628466393246256e-01
8.093918e+03 8.629720029712311113e-01
8.123108e+03 8.385021032708079858e-01
8.152988e+03 8.405579139399101951e-01
8.183164e+03 8.546061184821104328e-01
8.213269e+03 8.383673593385355671e-01
8.243285e+03 8.324574486522472450e-01
8.273425e+03 8.389429611746180848e-01
8.303909e+03 8.409908210912603321e-01
8.366048e+03 8.497357513532383111e-01
8.397560e+03 8.556859770554289257e-01
8.429392e+03 8.492812589666457468e-01
8.461648e+03 8.576601856078479580e-01
8.494348e+03 8.442527644805838394e-01
8.527365e+03 8.480026956214256062e-01
8.560574e+03 8.515744138671004215e-01
8.594028e+03 8.293087296854310120e-01
8.627969e+03 8.439159014536853354e-01
8.662668e+03 8.489046714003690708e-01
8.698205e+03 8.456155627575031586e-01
8.734364e+03 8.488963953217500968e-01
8.770837e+03 8.415134855271814152e-01
8.807558e+03 8.347232945235347756e-01
8.882913e+03 8.500886072990032627e-01
8.922232e+03 8.541129704242100829e-01
9.003616e+03 8.351364681825247382e-01
9.044900e+03 8.615279694742030703e-01
9.086810e+03 8.420029430534734516e-01
9.130119e+03 8.468759973570787469e-01
9.175421e+03 8.493762666789184124e-01
9.222231e+03 8.627213041223892320e-01
9.269355e+03 8.366667416908067922e-01
9.316788e+03 8.383699857420487955e-01
9.365765e+03 8.507444650453368507e-01
9.471039e+03 8.535963758979679961e-01
9.524927e+03 8.412508245091936399e-01
9.579462e+03 8.472898758052583856e-01
9.636448e+03 8.445546855715226897e-01
9.696822e+03 8.540078681812162120e-01
9.759192e+03 8.624326394966678189e-01
9.822551e+03 8.401180415580430383e-01
9.957636e+03 8.384890721076274644e-01
1.002990e+04 8.554626410433310291e-01
1.018141e+04 8.514741133910849191e-01
1.026466e+04 8.564324015642131860e-01
1.035299e+04 8.530118471109333633e-01
1.044620e+04 8.715421752739352934e-01
1.054786e+04 8.410417430477019618e-01
1.065784e+04 8.518305602719348224e-01
1.077529e+04 8.537988263076168316e-01
1.090982e+04 8.553740191516330249e-01
1.106857e+04 8.637871038019413472e-01
1.124767e+04 8.554471472772561258e-01
1.144181e+04 8.519920073658916460e-01
1.165145e+04 8.645749671354145960e-01
1.189400e+04 8.640275135390037553e-01
1.241880e+04 8.537719578421689715e-01
1.293274e+04 8.640658287486914224e-01
1.319873e+04 8.613324299689427699e-01
1.347273e+04 8.685959200432082916e-01
1.403874e+04 8.759557902656354145e-01
1.462790e+04 8.567510872897801111e-01
1.493364e+04 8.713395933066020449e-01
1.524689e+04 8.812874571122193412e-01
1.556761e+04 8.678108337380064929e-01
1.589633e+04 8.740154422966931458e-01
1.623372e+04 8.741427010171093359e-01
1.693631e+04 8.851770800851610499e-01
1.730244e+04 8.948100974712265288e-01
1.767928e+04 8.891291970249525223e-01
1.806751e+04 8.753320193848308506e-01
1.846786e+04 8.876019225875603214e-01
1.888112e+04 9.052982651860962404e-01
1.930818e+04 8.982254251611703211e-01
1.975003e+04 8.942552315170396726e-01
2.020775e+04 8.841715949052064705e-01
2.117582e+04 9.054137112886360139e-01
2.168902e+04 9.079182729495000048e-01
2.222385e+04 8.965340471413371093e-01
2.278217e+04 8.994257410455793744e-01
2.336609e+04 8.877761914660619036e-01
2.397789e+04 9.093302366773826639e-01
2.462013e+04 9.052946853693444318e-01
2.529553e+04 9.093083677747875182e-01
2.675732e+04 9.044384257720868847e-01
2.754923e+04 9.189742728111036651e-01
2.838479e+04 9.153893401742440039e-01
2.926501e+04 9.080374595145195293e-01
3.018937e+04 9.446973340891857696e-01
3.115559e+04 9.331005017925408929e-01
3.215559e+04 9.392964325848149887e-01
3.315559e+04 9.296099241761960341e-01
3.415559e+04 9.585365067894441315e-01
3.515559e+04 9.373716133097331760e-01
3.615559e+04 9.274962131460297021e-01
3.715559e+04 9.323105536996998399e-01
3.815559e+04 9.267543387555261525e-01
3.915559e+04 9.289565962278608646e-01
4.015559e+04 9.327305460111540159e-01
4.115559e+04 9.463445485714763183e-01
4.215559e+04 9.478162547710962116e-01
4.315559e+04 9.259791493242872651e-01
4.415559e+04 9.474778524478623121e-01
4.515559e+04 9.374452977243957763e-01
4.615559e+04 9.400530852839542595e-01
4.715559e+04 9.495761136443173767e-01
4.815559e+04 9.514812280541644629e-01
4.915559e+04 9.114570340423943096e-01
5.015559e+04 9.504030469350860377e-01
5.115559e+04 9.347181899557577278e-01
5.215559e+04 9.481451925960481253e-01
5.315559e+04 9.519841244087026144e-01
5.415559e+04 9.517046578993868522e-01
5.515559e+04 9.589992871622593507e-01
5.615559e+04 9.516433473531716869e-01
5.715559e+04 9.587160242261154597e-01
5.815559e+04 9.699136469725967435e-01
5.915559e+04 9.350404889494291494e-01
6.015559e+04 9.643014915837554435e-01
6.215559e+04 9.300134376011953696e-01
6.315559e+04 9.718141889827170976e-01
6.415559e+04 9.705690113932845531e-01
6.515559e+04 9.733160109293492734e-01
6.615559e+04 9.732264409217433743e-01
6.715559e+04 9.483295705642798001e-01
6.815559e+04 9.777403528381017894e-01
7.015559e+04 9.702654813218188901e-01
7.115559e+04 9.557298140334226089e-01
7.215559e+04 9.719512789769315653e-01
7.415559e+04 9.876870437267063485e-01
7.515559e+04 9.661584492538812796e-01
7.615559e+04 9.781333675819057216e-01
7.715559e+04 9.665706824851416634e-01
7.815559e+04 9.724343528389457481e-01
8.015559e+04 9.671193260195352082e-01
8.115559e+04 9.623786993623483221e-01
8.215559e+04 9.766683603395142077e-01
8.315559e+04 9.654991624212551082e-01
8.415559e+04 9.676385422615166876e-01
8.515559e+04 9.811532154399269512e-01
8.615559e+04 9.661344699531820845e-01
8.715559e+04 9.578521180454374617e-01
8.815559e+04 9.739083454464907419e-01
8.915559e+04 9.734604203754675389e-01
9.115559e+04 9.712117507138918748e-01
9.215559e+04 9.606788272844986043e-01
9.315559e+04 9.821342218651113454e-01
9.415559e+04 9.742068101904467481e-01
9.515559e+04 9.851588121621716043e-01
9.615559e+04 9.692766530331001773e-01
9.715559e+04 9.590587339887648444e-01
9.815559e+04 9.476466596499325545e-01
9.907779e+04 9.649959960979296314e-01
1.000000e+05 9.832274315504656581e-01
